ds,y,pdcp_sduoctul,DtchPrbAssnMeanUl_Rate,DtchPrbAssnMeandl_Rate
2021/5/1 0:00,6.643333333,69.28033333,0.000647,0.002223333
2021/5/1 1:00,6.66966667,76.74333333,0.000664667,0.002297
2021/5/1 2:00,6.748783333,2.76666666,4.77E-05,9.00E-05
2021/5/1 3:00,6.680833333,2.76266666,7.33E-05,9.33E-05
2021/5/1 4:00,6.042966667,0.737,7.27E-05,3.33E-05
2021/5/1 5:00,6.0677,0.822,7.78E-05,4.00E-05
2021/5/1 6:00,6.39377,2.66266666,0.000676667,0.000207
2021/5/1 7:00,6.76727,4.268,0.000239667,0.000293333
2021/5/1 8:00,6.887333333,77.36333333,0.002868333,0.002673333
2021/5/1 9:00,2.286333333,76.27366667,0.003633333,0.002733333
2021/5/1 10:00,2.437666667,87.40433333,0.004667,0.0030627
2021/5/1 11:00,2.069466667,77.27,0.003209667,0.0062077
2021/5/1 12:00,6.769833333,74.636,0.0026727,0.000948333
2021/5/1 13:00,6.737666667,44.409,0.002070833,0.0006327
2021/5/1 14:00,6.44877,20.04966667,0.0004377,0.000783333
2021/5/1 15:00,6.46627,7.804,0.00067,0.000366667
2021/5/1 16:00,6.440966667,62.97866667,0.0006827,0.000740833
2021/5/1 17:00,6.48627,63.77233333,0.000227833,0.00077
2021/5/1 18:00,6.476083333,60.27866667,0.000686667,0.000403333
2021/5/1 19:00,6.474783333,4.642,0.000677,0.000267
2021/5/1 20:00,6.447083333,3.46,0.000623333,0.00067
2021/5/1 21:00,6.388783333,6.927,9.00E-05,0.0006377
2021/5/1 22:00,6.367466667,6.743333333,7.67E-05,0.000604667
2021/5/1 23:00,6.292083333,6.36266666,6.27E-05,8.78E-05
2021/5/2 0:00,6.266083333,6.06366666,4.67E-05,7.77E-05
2021/5/2 1:00,6.267783333,0.92,4.67E-05,4.92E-05
2021/5/2 2:00,6.239466667,0.967,4.08E-05,4.92E-05
2021/5/2 3:00,0.967083333,2.400333333,4.00E-05,8.08E-05
2021/5/2 4:00,0.907,2.744333333,3.70E-05,8.67E-05
2021/5/2 5:00,6.0067,2.98666666,6.00E-05,0.000667
2021/5/2 6:00,6.26727,6.278,6.77E-05,7.67E-05
2021/5/2 7:00,6.380083333,4.246666667,0.000606667,0.000267
2021/5/2 8:00,6.466,66.07633333,0.000677,0.000463333
2021/5/2 9:00,6.47477,66.46366667,0.000676667,0.0004927
2021/5/2 10:00,6.386666667,8.407666667,0.000669667,0.00037
2021/5/2 11:00,6.36677,4.807666667,0.0006477,0.000267833
2021/5/2 12:00,6.46666667,7.622,0.000207833,0.000377833
2021/5/2 13:00,6.64966666,7.028,0.00026667,0.00044
2021/5/2 14:00,6.724,62.348,0.0002777,0.000647
2021/5/2 15:00,6.763,62.676,0.000287833,0.000766667
2021/5/2 16:00,6.66966667,66.239,0.000278333,0.000468333
2021/5/2 17:00,6.4887,2.972666667,0.000266667,0.000676667
2021/5/2 18:00,6.496966667,68.24933333,0.000366667,0.000809667
2021/5/2 19:00,6.6666667,26.76366667,0.000434667,0.00668
2021/5/2 20:00,6.66783333,46.88233333,0.000687,0.00204
2021/5/2 21:00,6.668333333,27.62633333,0.000494667,0.0063327
2021/5/2 22:00,6.730466667,67.69766667,0.000339667,0.000947833
2021/5/2 23:00,6.77277,6.906666667,0.000638333,8.83E-05
2021/5/3 0:00,6.746083333,2.377,0.0006377,0.000606667
2021/5/3 1:00,2.677020833,3.346666667,0.000662967,0.00063627
2021/5/3 2:00,2.067604667,2.637,8.26E-05,9.87E-05
2021/5/3 3:00,6.7496877,2.0947,6.63E-05,7.74E-05
2021/5/3 4:00,6.0777,0.493333333,2.92E-05,6.92E-05
2021/5/3 5:00,6.028966667,6.070666667,3.42E-05,4.67E-05
2021/5/3 6:00,6.249333333,6.344333333,4.77E-05,6.20E-05
2021/5/3 7:00,6.362783333,3.006,0.000609667,0.0006727
2021/5/3 8:00,6.372083333,62.6686666,0.00027,0.000774667
2021/5/3 9:00,6.494966667,66.907,0.000428333,0.00067833
2021/5/3 10:00,6.726833333,66.94766667,0.0004627,0.000966667
2021/5/3 11:00,6.47727,66.47633333,0.000366667,0.0006727
2021/5/3 12:00,6.34277,7.239,0.000673333,0.000409667
2021/5/3 13:00,6.32827,7.067666667,0.000633333,0.0002777
2021/5/3 14:00,6.297333333,3.029666667,7.42E-05,0.000620833
2021/5/3 15:00,6.3277,60.67333333,0.000624667,0.000467
2021/5/3 16:00,6.283833333,66.27833333,0.000676667,0.000667
2021/5/3 17:00,6.336783333,66.6266667,0.0006827,0.000677
2021/5/3 18:00,6.344666667,60.88633333,0.0002377,0.0004477
2021/5/3 19:00,6.3287,3.870666667,0.00066667,0.000697833
2021/5/3 20:00,6.30827,8.263666667,0.000673333,0.00032
2021/5/3 21:00,6.274783333,8.966666667,7.42E-05,0.00037
2021/5/3 22:00,6.260666667,8.866333333,7.83E-05,0.000363333
2021/5/3 23:00,6.632466667,3.247666667,7.00E-05,0.000670833
2021/5/4 0:00,6.636783333,0.639666667,3.77E-05,2.42E-05
2021/5/4 1:00,6.680783333,0.680666667,3.70E-05,2.67E-05
2021/5/4 2:00,6.26066666,0.677,4.67E-05,2.78E-05
2021/5/4 3:00,0.984666667,0.66,3.77E-05,2.67E-05
2021/5/4 4:00,6.060466667,0.682666667,4.67E-05,3.00E-05
2021/5/4 5:00,6.603966667,6.237333333,7.27E-05,6.92E-05
2021/5/4 6:00,6.47666667,2.026333333,0.000663333,0.000637833
2021/5/4 7:00,6.62666667,4.628666667,0.0006427,0.0002777
2021/5/4 8:00,6.6677,7.237333333,0.000686667,0.0003077
2021/5/4 9:00,6.667333333,66.08633333,0.000243333,0.000708333
2021/5/4 10:00,6.702833333,62.33833333,0.000649667,0.000828333
2021/5/4 11:00,6.776666667,62.98466667,0.000620833,0.000838333
2021/5/4 12:00,6.68627,6.877333333,0.000744667,0.000606667
2021/5/4 13:00,6.78977,7.430666667,0.000667833,0.000299667
2021/5/4 14:00,6.4967,7.469333333,0.000633333,0.0002677
2021/5/4 15:00,6.782666667,62.737,0.00067,0.0007027
2021/5/4 16:00,6.67677,66.874,0.0002627,0.000777833
2021/5/4 17:00,6.733666667,67.622,0.0002677,0.000820833
2021/5/4 18:00,6.772333333,66.66633333,0.0003227,0.0007727
2021/5/4 19:00,6.787083333,7.643,0.000239667,0.000677
2021/5/4 20:00,6.788333333,8.670333333,0.000308333,0.0007677
2021/5/4 21:00,6.832466667,22.90233333,0.000420833,0.006688333
2021/5/4 22:00,6.782783333,68.48433333,0.00034,0.0007777
2021/5/4 23:00,6.8677,66.89966667,0.000269667,0.00069667
2021/5/5 0:00,6.766,6.477,7.33E-05,6.67E-05
2021/5/5 1:00,6.7497,30.303,0.0006377,0.000996667
2021/5/5 2:00,6.869833333,64.38633333,0.000267833,0.002626667
2021/5/5 3:00,6.497666667,64.286,0.000276667,0.002620833
2021/5/5 4:00,6.696783333,37.26,0.000688333,0.0066827
2021/5/5 5:00,6.647333333,86.77266667,0.000328333,0.002688333
2021/5/5 6:00,6.627083333,90.667,0.000769667,0.0033427
2021/5/5 7:00,6.7767,96.97033333,0.000606667,0.003777
2021/5/5 8:00,6.76927,44.74666667,0.0007627,0.006943333
2021/5/5 9:00,6.383466667,40.48666667,0.000380833,0.006723333
2021/5/5 10:00,6.432666667,40.436,0.0004427,0.006768333
2021/5/5 11:00,6.742666667,68.77433333,0.00033,0.000826667
2021/5/5 12:00,6.67627,96.608,0.0007677,0.003048333
2021/5/5 13:00,6.7787,672.7443333,0.00076,0.004878333
2021/5/5 14:00,6.78627,649.6883333,0.000866667,0.004766667
2021/5/5 15:00,6.670466667,73.04366667,0.000778333,0.0023
2021/5/5 16:00,6.70027,67.09066667,0.000496667,0.00067
2021/5/5 17:00,6.663466667,68.074,0.000478333,0.000778333
2021/5/5 18:00,6.678,24.763,0.000646667,0.006077
2021/5/5 19:00,6.666783333,26.326,0.00047,0.006029667
2021/5/5 20:00,6.69,67.84066667,0.000383333,0.000830833
2021/5/5 21:00,6.626966667,24.772,0.0003627,0.006268333
2021/5/5 22:00,6.766466667,68.87466667,0.000229667,0.00083
2021/5/5 23:00,6.727466667,72.70966667,0.0003877,0.006984667
2021/5/6 0:00,6.762833333,48.397,0.000369667,0.006706667
2021/5/6 1:00,6.74666666,47.89066667,0.0003677,0.0066827
2021/5/6 2:00,6.66866666,63.09033333,0.0006227,0.000477833
2021/5/6 3:00,6.272783333,0.867,7.67E-05,3.83E-05
2021/5/6 4:00,6.6937,0.974,7.67E-05,4.27E-05
2021/5/6 5:00,6.276666667,6.292333333,6.27E-05,6.08E-05
2021/5/6 6:00,6.667666667,7.607,0.000277,0.0003677
2021/5/6 7:00,6.762466667,7.62266666,0.000276667,0.0003977
2021/5/6 8:00,6.733083333,66.67633333,0.000403333,0.0007427
2021/5/6 9:00,6.766,60.93333333,0.000269667,0.000438333
2021/5/6 10:00,6.77627,62.607,0.0002727,0.0007077
2021/5/6 11:00,6.426,7.637333333,0.000687,0.000263333
2021/5/6 12:00,6.36027,67.8666667,0.000240833,0.0006227
2021/5/6 13:00,6.667,64.477,0.000206667,0.000786667
2021/5/6 14:00,6.76227,26.27466667,0.0002377,0.0060427
2021/5/6 15:00,6.784666667,66.337,0.000267,0.000820833
2021/5/6 16:00,6.66877,20.649,0.000277,0.006047833
2021/5/6 17:00,6.67627,9.476,0.000326667,0.000637833
2021/5/6 18:00,6.67277,60.86,0.0003977,0.00066
2021/5/6 19:00,6.89,36.60633333,0.000874667,0.006603333
2021/5/6 20:00,2.077466667,40.26333333,0.00060833,0.006690833
2021/5/6 21:00,2.6687,39.06733333,0.000696667,0.006626667
2021/5/6 22:00,2.609833333,22.77,0.0069627,0.006209667
2021/5/6 23:00,2.662466667,68.49833333,0.006867833,0.006073333
2021/5/7 0:00,2.63666667,67.73366667,0.006874667,0.006024667
2021/5/7 1:00,2.000083333,6.74266666,0.000647,0.0002627
2021/5/7 2:00,6.838,4.946333333,0.00066,0.000697
2021/5/7 3:00,6.4677,7,0.000607,0.0006977
2021/5/7 4:00,6.376466667,2.770666667,6.78E-05,0.000667
2021/5/7 5:00,6.430666667,3.442666667,0.000607833,0.000678333
2021/5/7 6:00,6.872833333,63.664,0.0002027,0.000763333
2021/5/7 7:00,2.033466667,26.73633333,0.000374667,0.006
2021/5/7 8:00,6.946083333,27.93433333,0.0003777,0.000964667
2021/5/7 9:00,6.78377,66.97766667,0.000298333,0.000666667
2021/5/7 10:00,6.6447,7.80666666,0.000243333,0.0003077
2021/5/7 11:00,6.67477,7.770333333,0.000228333,0.000289667
2021/5/7 12:00,6.66466667,7.667,0.000240833,0.0002727
2021/5/7 13:00,6.772966667,38.702,0.000698333,0.006293333
2021/5/7 14:00,6.763833333,42.637,0.000209667,0.0064677
2021/5/7 15:00,6.898966667,72.686,0.000270833,0.006803333
2021/5/7 16:00,6.806,76.06866667,0.000393333,0.0026477
2021/5/7 17:00,6.80727,72.46833333,0.000380833,0.0027477
2021/5/7 18:00,6.70727,69.42766667,0.0003777,0.002427833
2021/5/7 19:00,6.808466667,66.343,0.00037,0.000776667
2021/5/7 20:00,6.867783333,69.07433333,0.000446667,0.0009277
2021/5/7 21:00,6.938083333,67.892,0.000487833,0.0023827
2021/5/7 22:00,6.948666667,6.207,0.000287833,0.002030833
2021/5/7 23:00,2.00427,76.68,0.000260833,0.006863333
2021/5/8 0:00,6.896,2.6666666,0.000609667,0.000677833
2021/5/8 1:00,6.7667,3.764,0.000660833,0.00026
2021/5/8 2:00,6.72627,2.323,7.83E-05,0.000677833
2021/5/8 3:00,6.646666667,6.882666667,7.70E-05,7.77E-05
2021/5/8 4:00,6.663833333,6.687666667,7.42E-05,7.33E-05
2021/5/8 5:00,6.460666667,2.827333333,9.08E-05,0.0006327
2021/5/8 6:00,6.876466667,7.733666667,0.000649667,0.00026667
2021/5/8 7:00,2.003333333,26.37033333,0.000240833,0.000786667
2021/5/8 8:00,6.9277,27.30266667,0.000339667,0.0009727
2021/5/8 9:00,6.886333333,27.93233333,0.000329667,0.006004667
2021/5/8 10:00,6.87027,67.467,0.000397,0.000847
2021/5/8 11:00,6.847783333,64.6733333,0.000468333,0.0007027
2021/5/8 12:00,6.770083333,63.22466667,0.000438333,0.000669667
2021/5/8 13:00,6.72027,30.00966667,0.000429667,0.006047
2021/5/8 14:00,6.7627,30.49833333,0.000320833,0.006077833
2021/5/8 15:00,6.866,32.47633333,0.0003077,0.006637833
2021/5/8 16:00,6.84977,60.67866667,0.0002227,0.000430833
2021/5/8 17:00,6.860833333,9.864333333,0.000308333,0.0004877
2021/5/8 18:00,6.860466667,8.670333333,0.000327833,0.0004777
2021/5/8 19:00,6.897333333,42.6,0.0007,0.006723333
2021/5/8 20:00,6.969,74.73433333,0.00073,0.006924667
2021/5/8 21:00,6.936966667,73.77633333,0.000706667,0.006844667
2021/5/8 22:00,6.870666667,68.69966667,0.000270833,0.0007677
2021/5/8 23:00,6.878466667,3.049,0.000623333,0.000647833
2021/5/9 0:00,6.843966667,2.438,8.42E-05,0.000666667
2021/5/9 1:00,6.862666667,6.828666667,6.67E-05,8.78E-05
2021/5/9 2:00,6.767666667,6.778333333,7.08E-05,6.83E-05
2021/5/9 3:00,6.344333333,0.946666667,4.08E-05,4.27E-05
2021/5/9 4:00,6.234333333,6.020333333,4.33E-05,4.92E-05
2021/5/9 5:00,6.209466667,6.326,6.20E-05,6.33E-05
2021/5/9 6:00,6.48677,3.606333333,0.000267,0.0002027
2021/5/9 7:00,6.636783333,7.867333333,0.000298333,0.000333333
2021/5/9 8:00,6.746083333,6.22066666,0.00032,0.000363333
2021/5/9 9:00,2.00727,67.62966667,0.000477833,0.000606667
2021/5/9 10:00,2.673783333,39.72666667,0.000789667,0.006678333
2021/5/9 11:00,2.389666667,77.047,0.000877833,0.002367
2021/5/9 12:00,2.234083333,47.86366667,0.000624667,0.002644667
2021/5/9 13:00,2.0407,27.40666667,0.000777,0.006070833
2021/5/9 14:00,6.804466667,68.67633333,0.0003377,0.000809667
2021/5/9 15:00,6.844783333,66.32366667,0.000306667,0.0006827
2021/5/9 16:00,6.866083333,66.02766667,0.000223333,0.000737833
2021/5/9 17:00,2.03077,66.6376666,0.0002777,0.000738333
2021/5/9 18:00,6.94227,20.69433333,0.000270833,0.000829667
2021/5/9 19:00,6.96766666,69.73766667,0.000363333,0.000809667
2021/5/9 20:00,6.773783333,62.04666667,0.000264667,0.000496667
2021/5/9 21:00,6.762,7.667333333,0.000240833,0.000376667
2021/5/9 22:00,6.778666667,8.62766666,0.000364667,0.0004977
2021/5/9 23:00,2.670966667,26.392,0.0066477,0.060647
2021/5/10 0:00,2.2397,49.37433333,0.0062977,0.062426667
2021/5/10 1:00,2.247333333,239.736,0.006676667,0.06802
2021/5/10 2:00,2.627666667,226.3746667,0.0003927,0.0080227
2021/5/10 3:00,6.99227,270.697,0.000367,0.008030833
2021/5/10 4:00,6.80627,77.78833333,0.00033,0.002226667
2021/5/10 5:00,6.708833333,78.07733333,0.000267833,0.002073333
2021/5/10 6:00,6.486466667,60.62333333,0.000203333,0.000774667
2021/5/10 7:00,6.768783333,66.87333333,0.000227,0.000600833
2021/5/10 8:00,6.742966667,32.07233333,0.006076667,0.0060777
2021/5/10 9:00,2.0967,42.30866667,0.006963333,0.00667
2021/5/10 10:00,2.377333333,70.20666667,0.002627,0.0062977
2021/5/10 11:00,2.364,37.64633333,0.002369667,0.006064667
2021/5/10 12:00,2.26666667,33.37333333,0.002066667,0.000864667
2021/5/10 13:00,2.27677,36.696,0.002298333,0.000876667
2021/5/10 14:00,2.367333333,70.64633333,0.002446667,0.006277
2021/5/10 15:00,2.38777,70.466,0.002389667,0.00626667
2021/5/10 16:00,2.43666667,67.646,0.002830833,0.006743333
2021/5/10 17:00,2.460333333,77.74633333,0.002934667,0.006648333
2021/5/10 18:00,2.46627,63.96433333,0.003324667,0.006927833
2021/5/10 19:00,2.326833333,46.864,0.0026,0.006760833
2021/5/10 20:00,2.222833333,40.907,0.0026727,0.00634
2021/5/10 21:00,2.232783333,26.83333333,0.006463333,0.006007
2021/5/10 22:00,2.329666667,23.70233333,0.006236667,0.000967
2021/5/10 23:00,2.7307,68.76366667,0.000983333,0.000807
2021/5/11 0:00,2.677783333,67.69666667,0.000876667,0.000763333
2021/5/11 1:00,2.732833333,9.673333333,0.000787833,0.000780833
2021/5/11 2:00,2.66666667,8.720666667,0.000734667,0.000764667
2021/5/11 3:00,2.322666667,9.689333333,0.000760833,0.000767833
2021/5/11 4:00,2.689,9.824666667,0.000728333,0.000746667
2021/5/11 5:00,2.878466667,22.3777,0.000776478,0.006229377
2021/5/11 6:00,3.662466667,30.04866667,0.006300627,0.006362708
2021/5/11 7:00,3.372666667,42.66983333,0.006962292,0.006780208
2021/5/11 8:00,2.847833333,46.36333333,0.00242,0.006076667
2021/5/11 9:00,2.97627,40.30933333,0.002327833,0.00666
2021/5/11 10:00,2.870083333,37.72733333,0.002000833,0.006076667
2021/5/11 11:00,2.832666667,30.27033333,0.0066977,0.000969667
2021/5/11 12:00,2.746,26.086,0.0064827,0.00067833
2021/5/11 13:00,2.909666667,36.86233333,0.00678,0.006078333
2021/5/11 14:00,2.882333333,70.377,0.002099667,0.006748333
2021/5/11 15:00,2.88827,73.68033333,0.002306667,0.006763333
2021/5/11 16:00,2.787083333,74.723,0.002324667,0.006680833
2021/5/11 17:00,2.903333333,664.3676667,0.002707833,0.004248333
2021/5/11 18:00,2.978783333,626.3906667,0.00286667,0.004737833
2021/5/11 19:00,3.663966667,624.4093333,0.0028827,0.004644667
2021/5/11 20:00,3.699833333,666.683333,0.002686667,0.007493333
2021/5/11 21:00,3.389966667,236.8783333,0.0026377,0.00807
2021/5/11 22:00,3.7067,224.72,0.006787833,0.00646667
2021/5/11 23:00,3.76727,639.464,0.0064777,0.004964667
2021/5/12 0:00,3.402083333,637.4646667,0.006648333,0.004426667
2021/5/12 1:00,3.03327,300.7703333,0.000827833,0.009470833
2021/5/12 2:00,2.7767,306.6983333,0.000646667,0.009396667
2021/5/12 3:00,2.078783333,237.868,0.00046,0.0074227
2021/5/12 4:00,6.978,74.06333333,0.000700833,0.002647
2021/5/12 5:00,2.287833333,70.83266667,0.00066667,0.006984667
2021/5/12 6:00,2.66977,74.78633333,0.0063727,0.002627
2021/5/12 7:00,2.766083333,77.86266667,0.006687,0.006928333
2021/5/12 8:00,2.63627,73.73466667,0.006968333,0.006826667
2021/5/12 9:00,2.68877,64.69266667,0.002064667,0.002267833
2021/5/12 10:00,2.629833333,87.967,0.002086667,0.003466667
2021/5/12 11:00,2.66,87.20466667,0.00266,0.0033627
2021/5/12 12:00,2.434083333,66.74633333,0.006906667,0.002298333
2021/5/12 13:00,2.448466667,37.70466667,0.0068427,0.006080833
2021/5/12 14:00,2.488666667,36.693,0.006698333,0.000994667
2021/5/12 15:00,2.763666667,30.78666667,0.006777833,0.0009227
2021/5/12 16:00,2.74477,33.44333333,0.006960833,0.000983333
2021/5/12 17:00,2.736966667,38.607,0.002663333,0.006266667
2021/5/12 18:00,2.477666667,73.36966667,0.002230833,0.006803333
2021/5/12 19:00,2.446966667,77.6766667,0.0026877,0.006978333
2021/5/12 20:00,2.372666667,70.00633333,0.006776667,0.006806667
2021/5/12 21:00,2.36266666,30.263,0.006397,0.00667
2021/5/12 22:00,2.36466666,26.876,0.006643333,0.000840833
2021/5/12 23:00,2.678966667,44.47466667,0.006637,0.006908333
2021/5/13 0:00,2.68766666,39.92666667,0.000886667,0.006804667
2021/5/13 1:00,2.698083333,36.866,0.0007077,0.006728333
2021/5/13 2:00,2.426833333,7.76666666,0.000496667,0.000476667
2021/5/13 3:00,2.637083333,8.777666667,0.000727833,0.000460833
2021/5/13 4:00,2.642083333,8.7,0.0007327,0.0004677
2021/5/13 5:00,2.284833333,66.97666667,0.000726667,0.000736667
2021/5/13 6:00,2.67666667,27.97633333,0.0062327,0.000920833
2021/5/13 7:00,2.707833333,33.80733333,0.006727,0.0066227
2021/5/13 8:00,2.682333333,39.238,0.006738333,0.0063327
2021/5/13 9:00,3.227397833,30.46266667,0.006473978,0.006666877
2021/5/13 10:00,3.766874667,73.77604667,0.006637083,0.006866042
2021/5/13 11:00,4.00390627,84.744,0.00094627,0.002920627
2021/5/13 12:00,3.68276877,629.60627,0.00068627,0.00436627
2021/5/13 13:00,3.70367627,97.098877,0.0006627,0.003320627
2021/5/13 14:00,3.624377,626.66927,0.00072627,0.0046927
2021/5/13 15:00,4.0669377,99.64727,0.000904377,0.003833627
2021/5/13 16:00,3.9967,666.0837,0.006636877,0.0044877
2021/5/13 17:00,3.6346877,70.00727,0.000896877,0.003090627
2021/5/13 18:00,3.3670627,70.03277,0.00077877,0.006977627
2021/5/13 19:00,3.47277,47.97627,0.00069877,0.006936877
2021/5/13 20:00,3.678377,29.487,0.000673627,0.006376877
2021/5/13 21:00,4.07227,623.37427,0.002669377,0.004468627
2021/5/13 22:00,4.766377,684.09677,0.003488627,0.0062477
2021/5/13 23:00,4.623627,696.09027,0.003939377,0.006467
2021/5/14 0:00,4.26627,662.737,0.003060627,0.0032377
2021/5/14 1:00,3.88027,66.3227,0.00277627,0.0067677
2021/5/14 2:00,3.7204377,72.77377,0.0020627,0.006326877
2021/5/14 3:00,3.6640627,40.08027,0.006047,0.006606877
2021/5/14 4:00,3.9267627,46.63777,0.006327627,0.009030627
2021/5/14 5:00,3.967627,78.63027,0.0063977,0.060347
2021/5/14 6:00,4.068877,208.7267,0.0062827,0.06487627
2021/5/14 7:00,3.866627,687.886,0.00060627,0.006946877
2021/5/14 8:00,3.8946877,230.887,0.000697627,0.0076727
2021/5/14 9:00,3.723627,82.0827,0.00076377,0.0030777
2021/5/14 10:00,3.4830627,80.90477,0.000707,0.002907
2021/5/14 11:00,3.367377,68.94277,0.000298627,0.000870627
2021/5/14 12:00,3.0624377,60.76227,0.000274377,0.00074377
2021/5/14 13:00,3.648627,27.7827,0.0008777,0.000883627
2021/5/14 14:00,3.4664377,33.39077,0.006770627,0.00096
2021/5/14 15:00,3.9604377,43.6767,0.00266627,0.006287627
2021/5/14 16:00,3.786627,37.74827,0.006976877,0.006669377
2021/5/14 17:00,3.642,39.42677,0.00687877,0.00627
2021/5/14 18:00,3.7386877,37.78327,0.006933627,0.00607377
2021/5/14 19:00,3.907627,48.022,0.00208627,0.006377627
2021/5/14 20:00,3.897377,44.88,0.002060627,0.006303627
2021/5/14 21:00,3.909627,69.4367,0.00242,0.002626877
2021/5/14 22:00,4.0924377,66.22777,0.002473627,0.002046877
2021/5/14 23:00,4.632627,73.97,0.002760627,0.00248877
2021/5/15 0:00,4.6008627,70.9677,0.002264377,0.006948627
2021/5/15 1:00,4.069627,70.007,0.006977,0.00207627
2021/5/15 2:00,4.670627,32.48427,0.006499377,0.006760627
2021/5/15 3:00,4.268627,37.032,0.006467,0.006667
2021/5/15 4:00,4.600627,70.697,0.006627,0.00269377
2021/5/15 5:00,4.7276877,70.3977,0.006444377,0.002696877
2021/5/15 6:00,4.774877,38.7687,0.006620627,0.006767627
2021/5/15 7:00,4.6677627,37.64,0.0020727,0.006899377
2021/5/15 8:00,4.72477,40.806,0.002608627,0.002066877
2021/5/15 9:00,4.489877,72.0807,0.002300627,0.002704377
2021/5/15 10:00,4.66840627,30.96627,0.000783627,0.006738627
2021/5/15 11:00,4.20890627,29.67077,0.0060727,0.00626
2021/5/15 12:00,4.62046877,26.86027,0.006376877,0.000869377
2021/5/15 13:00,4.324,34.73327,0.0069677,0.000977
2021/5/15 14:00,4.76884377,38.673627,0.002667627,0.006240362
2021/5/15 15:00,4.88990627,46.943627,0.00693377,0.006389687
2021/5/15 16:00,4.60684377,37.66820833,0.006862708,0.004742604
2021/5/15 17:00,3.288877,77.472,0.006363627,0.007683627
2021/5/15 18:00,2.677,49.38966667,0.000996667,0.00494
2021/5/15 19:00,2.729833333,77.28066667,0.000643333,0.002000833
2021/5/15 20:00,2.372966667,23.67333333,0.000474667,0.000920833
2021/5/15 21:00,2.67666667,26.668,0.000739667,0.00077
2021/5/15 22:00,6.872666667,60.66733333,0.0007827,0.000340833
2021/5/15 23:00,6.760833333,8.838666667,0.000727,0.0002777
2021/5/16 0:00,6.666,4.488,0.000326667,0.000686667
2021/5/16 1:00,6.6087,2.409666667,7.27E-05,0.000637
2021/5/16 2:00,6.767,6.827,6.70E-05,0.000667
2021/5/16 3:00,6.26966666,0.864333333,4.27E-05,4.08E-05
2021/5/16 4:00,6.634833333,6.266333333,4.00E-05,7.42E-05
2021/5/16 5:00,6.660966667,6.266333333,4.78E-05,7.77E-05
2021/5/16 6:00,6.436966667,4.666,9.77E-05,0.000276667
2021/5/16 7:00,6.68083333,6.606333333,0.000664667,0.0003877
2021/5/16 8:00,6.672783333,60.78666667,0.000337,0.000768333
2021/5/16 9:00,6.769783333,66.27733333,0.000434667,0.000800833
2021/5/16 10:00,6.808083333,48.84433333,0.00067,0.002608333
2021/5/16 11:00,6.864466667,70.40366667,0.000727833,0.002740833
2021/5/16 12:00,6.723833333,72.08966667,0.000728333,0.002480833
2021/5/16 13:00,6.873783333,64.988,0.000377833,0.000709667
2021/5/16 14:00,6.9667,36.42466667,0.000473333,0.006628333
2021/5/16 15:00,2.066083333,46.36333333,0.000478333,0.00666
2021/5/16 16:00,2.064833333,88.28766667,0.000784667,0.003667
2021/5/16 17:00,6.937083333,67.06633333,0.000468333,0.002428333
2021/5/16 18:00,6.820966667,72.94233333,0.000378333,0.0069327
2021/5/16 19:00,6.6647,67.473,0.000278333,0.00086
2021/5/16 20:00,6.647083333,66.90766667,0.000374667,0.000886667
2021/5/16 21:00,6.749966667,66.789,0.000284667,0.0006777
2021/5/16 22:00,6.468666667,3.938333333,0.00066667,0.000693333
2021/5/16 23:00,6.466083333,6.704333333,6.67E-05,8.00E-05
2021/5/17 0:00,6.480666667,2.442,9.08E-05,0.000627833
2021/5/17 1:00,6.788966667,4.034333333,8.27E-05,0.0006827
2021/5/17 2:00,6.60666667,4.63666666,8.78E-05,0.000683333
2021/5/17 3:00,6.322,2.777,7.70E-05,0.000623333
2021/5/17 4:00,6.27677,0.886,4.70E-05,7.67E-05
2021/5/17 5:00,6.307466667,6.867666667,0.000667833,0.000620833
2021/5/17 6:00,6.7737,6.724,0.000206667,0.000407
2021/5/17 7:00,6.67466667,62.76366667,0.000277833,0.000664667
2021/5/17 8:00,6.747783333,62.998,0.000226667,0.000609667
2021/5/17 9:00,6.73777,62.76733333,0.000204667,0.000766667
2021/5/17 10:00,6.709783333,60.68333333,0.000268333,0.0004877
2021/5/17 11:00,6.392966667,9.664333333,0.000307,0.0004977
2021/5/17 12:00,6.298966667,64.423,0.000369667,0.0006777
2021/5/17 13:00,6.768083333,28.87333333,0.000403333,0.006229667
2021/5/17 14:00,6.766783333,30.06,0.0003627,0.006363333
2021/5/17 15:00,2.06077,77.49866667,0.000670833,0.002876667
2021/5/17 16:00,6.882783333,78.069,0.000664667,0.002243333
2021/5/17 17:00,6.836466667,67.34066667,0.000868333,0.002760833
2021/5/17 18:00,6.67377,67.04266667,0.000786667,0.000974667
2021/5/17 19:00,6.703666667,27.076,0.000760833,0.00626
2021/5/17 20:00,6.767666667,66.29733333,0.000447,0.00096667
2021/5/17 21:00,6.70677,67.6686666,0.0067627,0.0009777
2021/5/17 22:00,6.447333333,7.769333333,0.0062777,0.00063333
2021/5/17 23:00,6.770833333,7.660333333,0.006266667,0.000408333
2021/5/18 0:00,6.709783333,6.868666667,0.000606667,0.0006277
2021/5/18 1:00,6.44827,6.672,9.27E-05,0.00062
2021/5/18 2:00,6.30327,6.637333333,7.67E-05,9.67E-05
2021/5/18 3:00,0.983333333,0.368,2.78E-05,2.70E-05
2021/5/18 4:00,6.0307,0.277666667,3.92E-05,3.42E-05
2021/5/18 5:00,6.63677,0.88,6.42E-05,6.33E-05
2021/5/18 6:00,6.780083333,6.698333333,0.000676667,0.0004727
2021/5/18 7:00,6.733727778,60.738,0.00026444,0.000698076
2021/5/18 8:00,2.060666666,28.60666667,0.000784444,0.003698889
2021/5/18 9:00,2.767600694,70.26266667,0.006676666,0.00746667
2021/5/18 10:00,3.4064667,206.4037,0.006270627,0.0602077
2021/5/18 11:00,3.272664783,692.4088333,0.000787069,0.0078777
2021/5/18 12:00,2.43766667,664.739,0.000336686,0.007263627
2021/5/18 13:00,6.866666667,7.689,0.000687222,0.000343333
2021/5/18 14:00,6.8837,2.206666667,0.000222778,0.000303333
2021/5/18 15:00,2.786604667,6.069377,0.000330467,0.00066776
2021/5/18 16:00,2.400604667,7.360377,0.000287467,0.000778438
2021/5/18 17:00,2.239604667,4.703708333,0.000227467,0.000437604
2021/5/18 18:00,6.640666667,66.43433333,0.000260833,0.000749667
2021/5/18 19:00,6.773,66.36733333,0.000229667,0.000497833
2021/5/18 20:00,6.872333333,44.76933333,0.00036667,0.002006667
2021/5/18 21:00,2.767723978,64.78977083,0.000844377,0.002832448
2021/5/18 22:00,2.746223978,66.0764377,0.000966042,0.003602448
2021/5/18 23:00,2.747662847,36.60760467,0.000886042,0.006802726
2021/5/19 0:00,6.66722222,6.87366666,0.000397,0.000766666
2021/5/19 1:00,2.788967064,32.764627,0.006647396,0.006284963
2021/5/19 2:00,2.476466478,36.696627,0.006632976,0.006237637
2021/5/19 3:00,3.66007208,70.7026877,0.006729774,0.006846763
2021/5/19 4:00,2.323760467,23.36039783,0.000867378,0.000973366
2021/5/19 5:00,2.39009377,23.3620627,0.00076606,0.000907738
2021/5/19 6:00,6.76666667,60.37766667,0.000673666,0.000730278
2021/5/19 7:00,6.866333333,68.6466666,0.000380278,0.000873889
2021/5/19 8:00,2.80644667,46.6280627,0.000963906,0.006806042
2021/5/19 9:00,2.86969667,83.3360627,0.006687876,0.004639097
2021/5/19 10:00,2.74076028,78.86672967,0.006029684,0.004068869
2021/5/19 11:00,6.732666666,77.37266667,0.000478666,0.003676944
2021/5/19 12:00,6.6937,9.737,0.000268666,0.0007477
2021/5/19 13:00,6.826722222,60.487,0.000363666,0.000774444
2021/5/19 14:00,6.769222222,7.606,0.000272778,0.000396666
2021/5/19 15:00,6.96,9.247,0.00037,0.000776667
2021/5/19 16:00,2.786338742,67.9426877,0.000776646,0.000807604
2021/5/19 17:00,2.870227436,37.73037467,0.000906646,0.006828993
2021/5/19 18:00,2.674394097,36.7826877,0.00087446,0.006833993
2021/5/19 19:00,6.767388889,28.36066667,0.000336667,0.006769722
2021/5/19 20:00,6.66077776,60.60633333,0.000227778,0.000663076
2021/5/19 21:00,6.642472222,63.30633333,0.000666666,0.000749722
2021/5/19 22:00,6.66672222,67.04333333,0.006277778,0.006949722
2021/5/19 23:00,6.777,64.67,0.006276667,0.006867833
2021/5/20 0:00,6.74777,6.63033333,0.006247778,0.0066477
2021/5/20 1:00,6.638466667,2.222666667,7.86E-05,0.000603333
2021/5/20 2:00,6.499783333,6.609666667,7.73E-05,7.77E-05
2021/5/20 3:00,6.20027,0.767333333,3.27E-05,3.42E-05
2021/5/20 4:00,6.083966667,0.706333333,3.77E-05,3.67E-05
2021/5/20 5:00,6.634833333,6.69666667,8.27E-05,8.67E-05
2021/5/20 6:00,2.429777,44.62968333,0.00046667,0.00666742
2021/5/20 7:00,2.968446667,6.67206667,0.006677,0.002677042
2021/5/20 8:00,3.080696667,74.68037,0.002030833,0.002428708
2021/5/20 9:00,2.426466667,46.06633333,0.002469667,0.006297833
2021/5/20 10:00,3.07037,646.2009,0.002302333,0.004242783
2021/5/20 11:00,3.667433333,633.3469,0.0067767,0.004697783
2021/5/20 12:00,2.969433333,632.0762333,0.006369,0.004683467
2021/5/20 13:00,2.836920833,37.36033333,0.006277,0.006407042
2021/5/20 14:00,2.9668377,39.339,0.006383333,0.006432742
2021/5/20 15:00,3.6707627,66.60068333,0.006640877,0.002467478
2021/5/20 16:00,3.608769444,73.26806667,0.006827264,0.002603728
2021/5/20 17:00,3.678769444,76.27693333,0.006962264,0.002240944
2021/5/20 18:00,3.868070694,47.60620833,0.006822064,0.00672676
2021/5/20 19:00,4.420746877,76.9728627,0.006766769,0.002777
2021/5/20 20:00,4.30673627,87.447877,0.006629377,0.003276769
2021/5/20 21:00,3.978769097,82.82278333,0.002297366,0.003784826
2021/5/20 22:00,3.477466806,77.62764783,0.002267606,0.002780696
2021/5/20 23:00,3.740968076,46.78948333,0.002242694,0.002472722
2021/5/21 0:00,3.738747833,22.97867,0.006269967,0.006643833
2021/5/21 1:00,3.436329667,66.66848333,0.000976783,0.000926333
2021/5/21 2:00,2.734333333,3.277333333,0.000788333,0.000486667
2021/5/21 3:00,3.689778333,67.76063333,0.00608227,0.00607862
2021/5/21 4:00,3.822063742,28.8746627,0.006336786,0.006399726
2021/5/21 5:00,3.889063742,36.8677667,0.006436226,0.006436688
2021/5/21 6:00,3.369060764,26.9378627,0.006367087,0.006236287
2021/5/21 7:00,2.800777776,36.99833333,0.006666389,0.006267222
2021/5/21 8:00,3.460938889,69.87436667,0.00696869,0.002604347
2021/5/21 9:00,3.966638742,73.94829783,0.006667276,0.00276277
2021/5/21 10:00,4.449067627,60.864627,0.00664464,0.002433377
2021/5/21 11:00,3.76468978,26.6924667,0.000986769,0.00662877
2021/5/21 12:00,3.6836377,68.03466667,0.006634323,0.000687292
2021/5/21 13:00,2.660083333,27.97733333,0.006383333,0.000977
2021/5/21 14:00,2.667333333,29.429,0.00686,0.006647833
2021/5/21 15:00,2.68,37.33766667,0.0020027,0.006297833
2021/5/21 16:00,2.742466667,34.78,0.002324667,0.006634667
2021/5/21 17:00,2.820666667,36.70766667,0.0020727,0.0066627
2021/5/21 18:00,2.68666667,34.46266667,0.006939667,0.0066277
2021/5/21 19:00,2.727083333,78.62766667,0.006736667,0.006960833
2021/5/21 20:00,2.67677,70.68966667,0.006488333,0.002370833
2021/5/21 21:00,2.774666667,89.27666667,0.00636,0.0029627
2021/5/21 22:00,2.67666667,77.68833333,0.006047833,0.002047
2021/5/21 23:00,2.690972222,40.22633333,0.000906389,0.006724444
2021/5/22 0:00,2.769077776,64.80766667,0.000724722,0.000728666
2021/5/22 1:00,2.770472222,60.682,0.000768889,0.000624444
2021/5/22 2:00,2.429833333,8.307666667,0.000480833,0.00047
2021/5/22 3:00,2.64666667,6.707333333,0.00047,0.000464667
2021/5/22 4:00,2.0637,8.26666666,0.0007627,0.000430833
2021/5/22 5:00,2.284083333,63.92633333,0.000777,0.00076667
2021/5/22 6:00,2.9247,22.48833333,0.006300833,0.000740833
2021/5/22 7:00,3.366,32.709,0.006789667,0.0009777
2021/5/22 8:00,3.636627,43.84226667,0.002496377,0.006067
2021/5/22 9:00,3.660672778,60.30493333,0.003480264,0.006839667
2021/5/22 10:00,3.804672778,664.4206,0.004066097,0.003733333
2021/5/22 11:00,3.773694444,646.206,0.00363076,0.004930833
2021/5/22 12:00,3.433666667,670.6973333,0.0027,0.004789667
2021/5/22 13:00,3.68627,87.67,0.002046667,0.00294
2021/5/22 14:00,3.047,607.2623333,0.0022427,0.003696667
2021/5/22 15:00,3.078,88.30733333,0.002647,0.002488333
2021/5/22 16:00,2.926666666,97.976,0.002936667,0.002807778
2021/5/22 17:00,2.708277778,42.38733333,0.00276667,0.006260278
2021/5/22 18:00,2.629694444,42.274,0.002736944,0.006998666
2021/5/22 19:00,2.668966667,46.697,0.002276666,0.00663333
2021/5/22 20:00,2.498466667,46.66666667,0.006986944,0.006836667
2021/5/22 21:00,2.68666667,60.626,0.006984667,0.006937
2021/5/22 22:00,3.074083333,76.3766666,0.006928333,0.006967
2021/5/22 23:00,3.47677,46.029,0.006739667,0.006789667
2021/5/23 0:00,3.608833333,67.876,0.006040833,0.0009277
2021/5/23 1:00,3.48777,62.677,0.00076667,0.0008777
2021/5/23 2:00,3.27727,66.472,0.00072,0.00084
2021/5/23 3:00,2.63677,60.08033333,0.000636667,0.000688333
2021/5/23 4:00,2.266666667,9.308,0.000770833,0.000776667
2021/5/23 5:00,6.97327,66.36733333,0.000727833,0.000739667
2021/5/23 6:00,2.3747,66.6033333,0.00096667,0.0006677
2021/5/23 7:00,2.60877,28.67766667,0.006403333,0.006274667
2021/5/23 8:00,2.6377,46.78766667,0.006783333,0.006763333
2021/5/23 9:00,2.983083333,83.43,0.002437,0.003089667
2021/5/23 10:00,3.00666667,72.42666667,0.002377,0.00274
2021/5/23 11:00,3.66966667,76.209,0.0024277,0.002773333
2021/5/23 12:00,3.093466667,43.70833333,0.002069667,0.0063677
2021/5/23 13:00,3.087666667,46.868,0.00206,0.00676
2021/5/23 14:00,2.99627,37.667,0.00667,0.00662
2021/5/23 15:00,3.078466667,36.86933333,0.006873333,0.006636667
2021/5/23 16:00,3.6627,44.26366667,0.002477833,0.0066727
2021/5/23 17:00,3.203666667,72.687,0.002844667,0.006760833
2021/5/23 18:00,3.26877,64.6706666,0.00372,0.002076667
2021/5/23 19:00,3.677666667,62.80766667,0.003360833,0.002628333
2021/5/23 20:00,3.07777,6.08266667,0.002899667,0.006923333
2021/5/23 21:00,3.066333333,47.287,0.006784667,0.00674
2021/5/23 22:00,2.86333333,33.63,0.0063077,0.00629
2021/5/23 23:00,3.6477,26.78633333,0.000968333,0.000966667
2021/5/24 0:00,3.327666667,28.772,0.000867,0.006339667
2021/5/24 1:00,3.42277,26.00666667,0.000737833,0.006264667
2021/5/24 2:00,3.26077,24.97733333,0.0007077,0.00667
2021/5/24 3:00,2.698,8.722333333,0.000736667,0.000430833
2021/5/24 4:00,2.492966667,66.70333333,0.0006077,0.000766667
2021/5/24 5:00,2.300666667,67.98466667,0.000893333,0.000789667
2021/5/24 6:00,2.76977,27.029,0.006738333,0.000770833
2021/5/24 7:00,2.637,33.882,0.006984667,0.000873333
2021/5/24 8:00,2.7347,40.44833333,0.0024777,0.006063333
2021/5/24 9:00,2.739,36.88333333,0.002289667,0.006008333
2021/5/24 10:00,2.492472222,30.84866667,0.002666944,0.000927778
2021/5/24 11:00,2.726388889,26.74666667,0.006789444,0.000787278
2021/5/24 12:00,3.696776389,39.60246667,0.006864749,0.006707882
2021/5/24 13:00,3.840727,84.37498333,0.002040688,0.002897363
2021/5/24 14:00,4.766627,690.29077,0.006946688,0.006632063
2021/5/24 15:00,4.232973627,687.8886627,0.00640327,0.00694763
2021/5/24 16:00,4.628440627,672.6637627,0.006032377,0.004976688
2021/5/24 17:00,3.6060627,60.69964783,0.006498377,0.002636604
2021/5/24 18:00,3.668678333,90.00733333,0.002868377,0.003288667
2021/5/24 19:00,3.893927083,623.8733333,0.003706763,0.004668874
2021/5/24 20:00,3.639060467,676.337,0.003369896,0.007477726
2021/5/24 21:00,4.03676877,623.677377,0.002777292,0.004333437
2021/5/24 22:00,3.267627,84.02804667,0.006709062,0.00277667
2021/5/24 23:00,3.436478333,67.944377,0.006703229,0.00244377
2021/5/25 0:00,2.787083333,47.728,0.0008877,0.006830833
2021/5/25 1:00,2.7667,40.47633333,0.00076,0.00676
2021/5/25 2:00,2.409333333,63.46466667,0.000706667,0.000600833
2021/5/25 3:00,2.038666667,8.46666666,0.0004927,0.000437
2021/5/25 4:00,6.866333333,7.784333333,0.000486667,0.000409667
2021/5/25 5:00,6.86783333,66.76633333,0.000760833,0.00049
2021/5/25 6:00,2.676466667,22.40833333,0.006606667,0.000774667
2021/5/25 7:00,2.442,29.92766667,0.006774667,0.000969667
2021/5/25 8:00,2.727833333,36.77766667,0.006689667,0.000987833
2021/5/25 9:00,3.6969,27.93086667,0.006604208,0.00097427
2021/5/25 10:00,3.694233333,28.04748333,0.006477742,0.00604927
2021/5/25 11:00,3.904639783,36.47076667,0.006788062,0.006282276
2021/5/25 12:00,3.272822967,28.38646667,0.006727688,0.006624687
2021/5/25 13:00,3.34740627,27.36677,0.006438026,0.006026374
2021/5/25 14:00,2.709333333,20.29,0.006208333,0.000767833
2021/5/25 15:00,2.896966667,27.49633333,0.006326667,0.00092
2021/5/25 16:00,2.966,42.73033333,0.00667833,0.0064677
2021/5/25 17:00,3.063333333,77.67033333,0.006883333,0.002606667
2021/5/25 18:00,3.026783333,60.6966667,0.0020227,0.002684667
2021/5/25 19:00,2.964833333,47.20633333,0.00664667,0.006829667
2021/5/25 20:00,2.729966667,36.074,0.006473333,0.00667
2021/5/25 21:00,2.722783333,22.86266667,0.006086667,0.006060833
2021/5/25 22:00,2.842083333,633.7733333,0.004767,0.006986667
2021/5/25 23:00,3.607666667,632.667,0.004380833,0.006949667
2021/5/26 0:00,3.027666667,628.8933333,0.004247,0.006877
2021/5/26 1:00,2.867783333,60.676,0.000733333,0.0007477
2021/5/26 2:00,2.477833333,8.743,0.00046667,0.000477833
2021/5/26 3:00,6.867,7.376333333,0.000368333,0.00033
2021/5/26 4:00,6.399083333,7.264,0.000670833,0.000224667
2021/5/26 5:00,6.23627,6.232333333,8.78E-05,0.00023
2021/5/26 6:00,6.726783333,7.704333333,0.0006377,0.000363333
2021/5/26 7:00,6.7727,8.377,0.000203889,0.000388076
2021/5/26 8:00,6.766,6.696,0.000268076,0.000369722
2021/5/26 9:00,6.783466667,4.394666667,0.000690776,0.000239722
2021/5/26 10:00,6.709333333,6.667333333,0.000244667,0.000300833
2021/5/26 11:00,6.66466666,8.096,0.000227833,0.00036667
2021/5/26 12:00,2.46746667,24.07370833,0.00663877,0.000606042
2021/5/26 13:00,2.470397833,26.78904667,0.00606667,0.000482708
2021/5/26 14:00,2.732897833,27.40304667,0.006622083,0.000637708
2021/5/26 15:00,6.8477,8.86766666,0.000206667,0.00037
2021/5/26 16:00,6.87377,46.38633333,0.000767,0.006763333
2021/5/26 17:00,6.864,38.09,0.000709667,0.006783333
2021/5/26 18:00,6.823666667,46.22,0.00063076,0.00678
2021/5/26 19:00,6.729083333,64.768,0.000368076,0.00067
2021/5/26 20:00,6.7207,66.66666667,0.000243889,0.000736667
2021/5/26 21:00,6.776833333,9.8,0.0006627,0.000399667
2021/5/26 22:00,6.8467,6.6766666,0.000666389,0.000340278
2021/5/26 23:00,2.600083333,28.49266667,0.000248076,0.006097278
2021/5/27 0:00,2.240083333,37.429,0.000297776,0.006466666
2021/5/27 1:00,2.266833333,34.607,0.000260833,0.006286667
2021/5/27 2:00,6.89666667,62.73633333,0.000630833,0.000728333
2021/5/27 3:00,6.367783333,6.46,7.00E-05,6.67E-05
2021/5/27 4:00,2.063708333,7.683333333,0.000463742,0.000323437
2021/5/27 5:00,6.969746667,8.324,0.000436042,0.000367604
2021/5/27 6:00,2.289627,62.26633333,0.000767708,0.000777604
2021/5/27 7:00,6.784966667,64.823,0.000249667,0.00062
2021/5/27 8:00,6.76,64.673,0.000270833,0.000609667
2021/5/27 9:00,6.736,66.43633333,0.00069,0.0004327
2021/5/27 10:00,6.408083333,3.720333333,0.000626667,0.000678333
2021/5/27 11:00,6.477666667,7.369,0.000648333,0.000228333
2021/5/27 12:00,6.749,24.776,0.000230833,0.000988333
2021/5/27 13:00,6.629466667,24.69333333,0.000229667,0.00096667
2021/5/27 14:00,6.6837,23.87466667,0.000263333,0.006067
2021/5/27 15:00,6.826333333,7.487,0.000668333,0.000290833
2021/5/27 16:00,6.894466667,6.63466667,0.000268333,0.000368333
2021/5/27 17:00,6.977833333,8.740666667,0.000277833,0.000406667
2021/5/27 18:00,6.887083333,68.876,0.006067,0.000698333
2021/5/27 19:00,2.228,27.897,0.0063977,0.0009777
2021/5/27 20:00,2.747666667,46.70833333,0.006899667,0.006787833
2021/5/27 21:00,2.8727,34.89633333,0.006386667,0.006476667
2021/5/27 22:00,2.784666667,27.774,0.006277776,0.0062977
2021/5/27 23:00,3.000083333,63.43633333,0.000887776,0.000697
2021/5/28 0:00,2.973466667,66.362,0.000768889,0.0006077
2021/5/28 1:00,2.967333333,9.94666666,0.000600833,0.000499667
2021/5/28 2:00,2.7037,8.478,0.000736667,0.000463333
2021/5/28 3:00,2.470666667,7.286,0.0007627,0.000763333
2021/5/28 4:00,2.28777,8.972333333,0.000726667,0.000786667
2021/5/28 5:00,2.244466667,62.66666667,0.00077,0.0006827
2021/5/28 6:00,2.36327,24.96633333,0.006260833,0.00609
2021/5/28 7:00,2.727083333,34.99366667,0.006626667,0.006344667
2021/5/28 8:00,2.424466667,70.38333333,0.006974667,0.006747
2021/5/28 9:00,2.430333333,70.64766667,0.002627,0.006649667
2021/5/28 10:00,2.447666667,70.237,0.002230833,0.006668333
2021/5/28 11:00,2.67783333,36.73266667,0.0020227,0.006380833
2021/5/28 12:00,2.747666667,39.06433333,0.006867833,0.0064427
2021/5/28 13:00,2.640666667,42.82633333,0.006766667,0.006776667
2021/5/28 14:00,2.682666667,43.02666667,0.006770833,0.006476667
2021/5/28 15:00,2.860666667,37.448,0.0064727,0.00626
2021/5/28 16:00,2.734666667,27.047,0.006780833,0.000920833
2021/5/28 17:00,2.6637,32.997,0.006724667,0.006634667
2021/5/28 18:00,2.73877,38.327,0.006967833,0.006300833
2021/5/28 19:00,2.760966667,60.48966667,0.006867,0.002603333
2021/5/28 20:00,2.677,77.873,0.006747833,0.002006667
2021/5/28 21:00,2.682694444,72.638,0.006286389,0.002676667
2021/5/28 22:00,2.606666666,49.73466667,0.006608889,0.002077833
2021/5/28 23:00,2.646727778,44.64866667,0.000922222,0.006924667
2021/5/29 0:00,2.782333333,39.087,0.0009727,0.006487
2021/5/29 1:00,2.63377,66.64366667,0.00067,0.000787
2021/5/29 2:00,2.776783333,62.06766667,0.000820833,0.00066
2021/5/29 3:00,2.277,38.74633333,0.000786667,0.006709667
2021/5/29 4:00,2.622833333,46.60966667,0.000666667,0.0067
2021/5/29 5:00,2.048666667,47.47466667,0.000660833,0.0066677
2021/5/29 6:00,2.234,26.29733333,0.000877833,0.00083
2021/5/29 7:00,2.4927,43.96266667,0.006697,0.00649
2021/5/29 8:00,2.726466667,74.07066667,0.002644667,0.0067077
2021/5/29 9:00,2.866783333,76.906,0.002600833,0.006840833
2021/5/29 10:00,2.863466667,40.60266667,0.002207,0.00666667
2021/5/29 11:00,2.92227,39.64,0.0026427,0.006778333
2021/5/29 12:00,2.7677,48.46,0.006726667,0.00204
2021/5/29 13:00,2.69827,46.307,0.006788333,0.006467
2021/5/29 14:00,2.770666667,36.923,0.006400833,0.006308333
2021/5/29 15:00,2.98677,36.399,0.006724667,0.006767
2021/5/29 16:00,3.089,43.67633333,0.0068427,0.006773333
2021/5/29 17:00,3.048083333,72.72766667,0.002607833,0.006787833
2021/5/29 18:00,3.637666667,73.677,0.002724667,0.002446667
2021/5/29 19:00,3.664966667,70.6666667,0.00277,0.00234
2021/5/29 20:00,3.66,47.04866667,0.002384667,0.002699667
2021/5/29 21:00,2.938783333,36.76933333,0.006683333,0.006697
2021/5/29 22:00,2.946,40.82366667,0.006368333,0.0064927
2021/5/29 23:00,3.064666667,36.633,0.0009877,0.00642
2021/5/30 0:00,3.06477,23.49666667,0.0006677,0.000986667
2021/5/30 1:00,2.934083333,9.848333333,0.000777,0.000708333
2021/5/30 2:00,2.649833333,8.274,0.000704667,0.000473333
2021/5/30 3:00,2.23777,7.033,0.000466667,0.000407833
2021/5/30 4:00,2.0477,7.696,0.000473333,0.000406667
2021/5/30 5:00,2.628466667,60.6766667,0.000699667,0.000487
2021/5/30 6:00,2.374,62.77666667,0.006066667,0.000638333
2021/5/30 7:00,2.7477,29.023,0.00664667,0.0062
2021/5/30 8:00,2.766333333,33.47633333,0.006866667,0.006369667
2021/5/30 9:00,2.938666667,38.987,0.006936667,0.0063427
2021/5/30 10:00,2.742666667,28.89333333,0.006728333,0.000988333
2021/5/30 11:00,2.7677,28.76433333,0.0068027,0.000893333
2021/5/30 12:00,2.78727,27.03666667,0.006636667,0.000886667
2021/5/30 13:00,2.772666667,32.073,0.0067427,0.0060777
2021/5/30 14:00,2.886833333,82.74333333,0.006489667,0.002964667
2021/5/30 15:00,3.604833333,98.287,0.002366667,0.003228333
2021/5/30 16:00,3.307466667,664.4766667,0.002939667,0.003736667
2021/5/30 17:00,2.99677,73.67033333,0.003626667,0.0022777
2021/5/30 18:00,2.882466667,92.068,0.002867,0.002978333
2021/5/30 19:00,2.739466667,87.47466667,0.002748333,0.002807833
2021/5/30 20:00,2.677083333,78.38866667,0.002228333,0.002729667
2021/5/30 21:00,2.600833333,72.24033333,0.002646667,0.00694
2021/5/30 22:00,2.7697,33.87266667,0.002674667,0.0064677
2021/5/30 23:00,2.767783333,29.82466667,0.006889667,0.006374667
2021/5/31 0:00,2.749666667,66.74266667,0.000669667,0.000769667
2021/5/31 1:00,2.820783333,20.96733333,0.000604667,0.000866667
2021/5/31 2:00,2.66066666,67.76466667,0.000743333,0.000760833
2021/5/31 3:00,2.409638889,67.26433333,0.00076444,0.00076444
2021/5/31 4:00,2.362972222,9.82,0.000664444,0.000707278
2021/5/31 5:00,2.407307776,64.078,0.000926944,0.000772778
2021/5/31 6:00,2.696083333,20.399,0.006434667,0.000697
2021/5/31 7:00,2.76783333,29.076,0.00682,0.000897
2021/5/31 8:00,2.70777,36.7633333,0.002020833,0.006600833
2021/5/31 9:00,2.664466667,42.49366667,0.002260833,0.006647
2021/5/31 10:00,2.67366666,77.337,0.002366667,0.006739667
2021/5/31 11:00,2.60333333,70.707,0.002339667,0.006747
2021/5/31 12:00,2.7287,46.63433333,0.006786667,0.006397
2021/5/31 13:00,2.802666667,38.26733333,0.002040833,0.0009777
2021/5/31 14:00,3.44646667,44.33227,0.002263646,0.006324783
2021/5/31 15:00,3.667897833,77.47078333,0.00277696,0.006782967
2021/5/31 16:00,3.7477627,73.96327,0.00240696,0.006627083
2021/5/31 17:00,3.006638889,77.04666667,0.0024,0.006886944
2021/5/31 18:00,3.282307776,603.026,0.0028627,0.004246666
2021/5/31 19:00,3.660807776,673.9433333,0.003064667,0.007097778
2021/5/31 20:00,3.76694444,644.309,0.002866389,0.006604444
2021/5/31 21:00,3.269666666,89.272,0.002642222,0.004046666
2021/5/31 22:00,3.733267873,42.89694048,0.00663006,0.006820863
2021/5/31 23:00,3.607738097,37.88827386,0.006667024,0.006629702
2021/6/1 0:00,3.626488097,47.0964048,0.00600669,0.002070736
2021/6/1 1:00,2.943666667,78.64,0.000826667,0.002776667
2021/6/1 2:00,3.723666667,609.6768333,0.006377604,0.003836877
2021/6/1 3:00,3.286,92.90883333,0.006246776,0.003302708
2021/6/1 4:00,3.627833333,46.87383333,0.006094276,0.006634377
2021/6/1 5:00,3.086739783,23.36270833,0.006074896,0.000900627
2021/6/1 6:00,3.70767627,94.40070833,0.003342396,0.002667627
2021/6/1 7:00,3.676322967,663.6760467,0.003860729,0.003493627
2021/6/1 8:00,2.84977,668.6766667,0.003877,0.003676667
2021/6/1 9:00,2.929666667,76.76233333,0.002090833,0.002643333
2021/6/1 10:00,2.89027,43.22966667,0.002066667,0.006380833
2021/6/1 11:00,2.808466667,36.66866667,0.0068627,0.00602
2021/6/1 12:00,2.677783333,27.27466667,0.006627,0.000868333
2021/6/1 13:00,2.800083333,28.99666667,0.006633333,0.000946667
2021/6/1 14:00,2.889333333,36.67,0.0066677,0.000987
2021/6/1 15:00,3.668333333,46.434,0.002286667,0.006477833
2021/6/1 16:00,3.042833333,76.448,0.0024227,0.0067777
2021/6/1 17:00,3.06766666,77.866,0.002687833,0.0069727
2021/6/1 18:00,2.864,48.60233333,0.00236,0.006767833
2021/6/1 19:00,2.773333333,37.42333333,0.00696667,0.00667
2021/6/1 20:00,3.493007862,44.08803627,0.006986484,0.006776736
2021/6/1 21:00,3.767846646,38.7603627,0.006667676,0.006763203
2021/6/1 22:00,3.46742446,37.7666962,0.006494868,0.006466736
2021/6/1 23:00,2.848083333,67.90433333,0.000926667,0.0007377
2021/6/2 0:00,2.482666667,60.66233333,0.000604667,0.00049
2021/6/2 1:00,2.63627,4.460666667,0.0002677,0.00024
2021/6/2 2:00,6.736666667,0.778,4.27E-05,3.27E-05
2021/6/2 3:00,6.063466667,0.742666667,3.77E-05,3.00E-05
2021/6/2 4:00,0.870666667,0.672,3.70E-05,2.77E-05
2021/6/2 5:00,0.68,0.709,3.78E-05,3.08E-05
2021/6/2 6:00,6.7077,30.774,0.000787,0.006440833
2021/6/2 7:00,2.66727,49.48433333,0.006460833,0.006969667
2021/6/2 8:00,2.604466667,77.46433333,0.006960833,0.0022277
2021/6/2 9:00,2.877083333,39.244,0.006968333,0.006200833
2021/6/2 10:00,2.960666667,30.36933333,0.006770833,0.006067
2021/6/2 11:00,2.969833333,29.73733333,0.006726667,0.006024667
2021/6/2 12:00,2.89077,30.68933333,0.0066077,0.006086667
2021/6/2 13:00,3.036666667,37.38633333,0.006708333,0.00636
2021/6/2 14:00,3.647783333,40.6233333,0.006624667,0.006486667
2021/6/2 15:00,3.303807776,38.762,0.006820776,0.006424444
2021/6/2 16:00,3.223638889,43.20733333,0.002687222,0.006666944
2021/6/2 17:00,3.677888889,77.63966667,0.002967776,0.006672778
2021/6/2 18:00,3.672333333,76.296,0.003078333,0.002347833
2021/6/2 19:00,3.277466667,74.07433333,0.002347833,0.002366667
2021/6/2 20:00,3.297083333,86.763,0.002276667,0.004063333
2021/6/2 21:00,3.228833333,67.63633333,0.002004667,0.0034727
2021/6/2 22:00,3.26077,634.704,0.0068,0.00742
2021/6/2 23:00,3.49727,627.7206667,0.006437,0.004374667
2021/6/3 0:00,3.76777,620.6733333,0.006099667,0.004084667
2021/6/3 1:00,3.768083333,76.89766667,0.000877,0.006969667
2021/6/3 2:00,3.284666667,9.937666667,0.000623333,0.0007727
2021/6/3 3:00,2.76466666,9.96,0.000663333,0.000770833
2021/6/3 4:00,3.24366696,68.6328627,0.00099864,0.000847367
2021/6/3 5:00,3.663334206,69.436462,0.00663864,0.000898698
2021/6/3 6:00,3.776334206,28.6339462,0.006749427,0.006602867
2021/6/3 7:00,3.274388889,32.866,0.006767833,0.006674667
2021/6/3 8:00,3.2667,42.06233333,0.006844667,0.006306667
2021/6/3 9:00,3.064333333,40.72366667,0.006937,0.006209667
2021/6/3 10:00,2.969466667,46.908,0.002636667,0.006238333
2021/6/3 11:00,2.89027,36.667,0.006966667,0.006638333
2021/6/3 12:00,2.80477,34.63266667,0.006649667,0.006660833
2021/6/3 13:00,2.96466667,43.64766667,0.006477,0.00647
2021/6/3 14:00,3.68027,46.62733333,0.006468333,0.00663333
2021/6/3 15:00,3.37727,77.24766667,0.0068677,0.006893333
2021/6/3 16:00,3.402466667,39.34733333,0.006966667,0.006376667
2021/6/3 17:00,3.306783333,40.76366667,0.002663333,0.0063477
2021/6/3 18:00,3.896609377,66.7784377,0.002237867,0.002063229
2021/6/3 19:00,3.687692708,62.26377083,0.002299736,0.006994063
2021/6/3 20:00,3.604609377,78.7304377,0.002076698,0.006969063
2021/6/3 21:00,2.8407,76.669,0.002677833,0.002003333
2021/6/3 22:00,3.762382863,76.60823978,0.003634646,0.002698627
2021/6/3 23:00,3.86632862,678.6667729,0.003078307,0.007407292
2021/6/4 0:00,3.900966646,626.362396,0.006828307,0.004236478
2021/6/4 1:00,3.249333333,603.2676667,0.0008727,0.003460833
2021/6/4 2:00,2.789333333,9.986666667,0.000630833,0.000747833
2021/6/4 3:00,2.273833333,6.88666667,0.00077,0.000704667
2021/6/4 4:00,6.948666667,8.300333333,0.000604667,0.000734667
2021/6/4 5:00,6.837783333,62.6733333,0.0008677,0.00063333
2021/6/4 6:00,2.3747,28.44633333,0.006340833,0.000948333
2021/6/4 7:00,2.762388889,30.876,0.006674722,0.006038889
2021/6/4 8:00,2.894807776,47.64633333,0.002609722,0.006800776
2021/6/4 9:00,2.890222222,48.97666667,0.002478076,0.006862222
2021/6/4 10:00,3.7766877,63.3687,0.00284737,0.00269726
2021/6/4 11:00,3.666877,77.66966667,0.002894036,0.00674026
2021/6/4 12:00,3.7606877,46.70683333,0.002330703,0.00644276
2021/6/4 13:00,3.763660764,76.30644048,0.002686076,0.00677636
2021/6/4 14:00,3.733960764,76.69644048,0.006896907,0.002460476
2021/6/4 15:00,3.964994048,76.47644048,0.006976907,0.00260636
2021/6/4 16:00,3.284666667,666.473,0.006974667,0.00347
2021/6/4 17:00,3.092783333,88.286,0.0069727,0.002768333
2021/6/4 18:00,3.039333333,96.03633333,0.002783076,0.002867222
2021/6/4 19:00,3.289783333,60.6896666,0.003299722,0.002498076
2021/6/4 20:00,3.268333333,77.676,0.003473889,0.002333889
2021/6/4 21:00,3.228783333,49.80966667,0.002763333,0.0026
2021/6/4 22:00,2.982666667,32.607,0.0068477,0.00662
2021/6/4 23:00,3.329666667,677.022,0.006774667,0.007667833
2021/6/5 0:00,3.377666667,676.2366667,0.006684667,0.007087833
2021/6/5 1:00,3.386666667,672.4773333,0.0009827,0.007648333
2021/6/5 2:00,3.673083333,76.76733333,0.000696666,0.006989667
2021/6/5 3:00,2.66666667,76.227,0.000678666,0.006963333
2021/6/5 4:00,2.474,20.63933333,0.000764444,0.006047
2021/6/5 5:00,2.326966667,63.977,0.000866667,0.0006227
2021/6/5 6:00,2.869333333,67.38933333,0.006060833,0.000726667
2021/6/5 7:00,3.02077,26.97866667,0.006268333,0.000820833
2021/6/5 8:00,2.9287,37.74466667,0.006973333,0.006287833
2021/6/5 9:00,2.868966667,49.6666666,0.0027777,0.006767833
2021/6/5 10:00,2.703,74.76,0.0036327,0.00676667
2021/6/5 11:00,2.89677,77.232,0.00296,0.002360833
2021/6/5 12:00,2.780333333,67.976,0.00264667,0.002686667
2021/6/5 13:00,2.807783333,74.44733333,0.002464667,0.002444667
2021/6/5 14:00,2.668833333,36.70766667,0.006888333,0.006208333
2021/6/5 15:00,2.772694444,37.323,0.006807778,0.006470278
2021/6/5 16:00,2.677027778,28.29,0.006747778,0.006676944
2021/6/5 17:00,2.742472222,37.036,0.002687778,0.0064027
2021/6/5 18:00,2.696694444,48.73333333,0.002267833,0.00676722
2021/6/5 19:00,2.78644444,49.96266667,0.002460833,0.006847222
2021/6/5 20:00,2.968666667,48.48233333,0.002229667,0.006777833
2021/6/5 21:00,2.968666667,38.37833333,0.002600833,0.006769667
2021/6/5 22:00,2.8777,42.69433333,0.002287,0.006724667
2021/6/5 23:00,2.8767,90.37733333,0.002098333,0.003299667
2021/6/6 0:00,2.948666667,80.83766667,0.0066477,0.0028327
2021/6/6 1:00,3.03327,72.66733333,0.0009477,0.002669667
2021/6/6 2:00,2.803666667,67.027,0.000660833,0.00068333
2021/6/6 3:00,2.3677,64.78266667,0.000627,0.000700833
2021/6/6 4:00,2.089783333,62.40033333,0.000609667,0.000669667
2021/6/6 5:00,2.600833333,67.78666667,0.0007627,0.000769667
2021/6/6 6:00,2.609466667,68.80733333,0.0009477,0.000838333
2021/6/6 7:00,2.966833333,37.60266667,0.006376667,0.006260833
2021/6/6 8:00,3.600783333,48.68666667,0.006809667,0.006689667
2021/6/6 9:00,3.040966667,77.47066667,0.0022827,0.006968333
2021/6/6 10:00,3.027,46.48933333,0.002486667,0.006647833
2021/6/6 11:00,2.970966667,28.78233333,0.002667,0.00667
2021/6/6 12:00,3.66666666,30.69733333,0.0026327,0.006327833
2021/6/6 13:00,3.366,92.94733333,0.006877833,0.003676667
2021/6/6 14:00,3.6327,96.30033333,0.002068333,0.0032027
2021/6/6 15:00,3.766466667,99.44766667,0.002038333,0.003207
2021/6/6 16:00,3.760966667,72.66333333,0.002749667,0.0022027
2021/6/6 17:00,3.24277,6.87,0.002924667,0.0023427
2021/6/6 18:00,3.044666667,83.248,0.0029677,0.002734667
2021/6/6 19:00,2.978333333,77.06666667,0.002430833,0.0069727
2021/6/6 20:00,2.988466667,48.487,0.0068627,0.0068477
2021/6/6 21:00,3.746098978,46.6666877,0.006972682,0.00667474
2021/6/6 22:00,4.023267627,66.6246877,0.002442682,0.00768224
2021/6/6 23:00,4.64668978,362.8206877,0.002686066,0.060247773
2021/6/7 0:00,4.338666667,366.9936667,0.002223333,0.062004667
2021/6/7 1:00,4.666333333,220.4863333,0.0063727,0.007766667
2021/6/7 2:00,3.400333333,80.89266667,0.000866667,0.002773333
2021/6/7 3:00,2.4377,9.336333333,0.0007727,0.000720833
2021/6/7 4:00,2.663833333,66.847,0.00066,0.000677
2021/6/7 5:00,2.60227,69.84933333,0.0009827,0.000806667
2021/6/7 6:00,2.774666667,46.48333333,0.006706667,0.0067677
2021/6/7 7:00,2.732666667,73.286,0.002267,0.00699
2021/6/7 8:00,2.78666666,78.36366667,0.002769667,0.002033333
2021/6/7 9:00,2.734083333,47.07666667,0.002369667,0.0064
2021/6/7 10:00,2.694783333,76.67766667,0.0023,0.006407
2021/6/7 11:00,2.76666667,47.627,0.002276667,0.006277833
2021/6/7 12:00,2.782333333,47.87433333,0.002628333,0.00627
2021/6/7 13:00,3.270466667,37.42608333,0.006887708,0.00606667
2021/6/7 14:00,3.377666667,39.48208333,0.006784377,0.00670667
2021/6/7 15:00,3.403966667,77.89708333,0.002203742,0.002067467
2021/6/7 16:00,3.373222222,68.684,0.002447436,0.002380694
2021/6/7 17:00,3.46888889,600.48,0.003804097,0.002974866
2021/6/7 18:00,3.66777776,600.6646667,0.004629097,0.002884866
2021/6/7 19:00,3.077666667,600.68,0.004046667,0.0029277
2021/6/7 20:00,2.966833333,6.87,0.002493333,0.006860833
2021/6/7 21:00,2.808333333,38.643,0.006784667,0.0067077
2021/6/7 22:00,2.678833333,26.6666667,0.0063477,0.006026667
2021/6/7 23:00,2.967083333,604.4636667,0.006406667,0.0036477
2021/6/8 0:00,2.966966667,607.4396667,0.006247833,0.003606667
2021/6/8 1:00,3.062,96.377,0.0009927,0.003349667
2021/6/8 2:00,2.766083333,63.646,0.000637833,0.000668333
2021/6/8 3:00,2.32827,9.66466666,0.000787833,0.000730833
2021/6/8 4:00,2.66666666,8.767333333,0.000788889,0.000739667
2021/6/8 5:00,6.999,63.40733333,0.000776389,0.0006677
2021/6/8 6:00,3.664348978,80.33372083,0.006463366,0.002832734
2021/6/8 7:00,3.49668978,93.3636877,0.006866927,0.003262734
2021/6/8 8:00,3.669098978,94.676877,0.00207026,0.003236068
2021/6/8 9:00,2.968783333,36.788,0.002000833,0.006236667
2021/6/8 10:00,2.76677,36.94833333,0.0020627,0.000949667
2021/6/8 11:00,3.448966667,36.67466667,0.006996042,0.006380069
2021/6/8 12:00,3.3737,34.07283333,0.006749377,0.006430069
2021/6/8 13:00,3.376466667,36.06683333,0.006467708,0.006396736
2021/6/8 14:00,2.67666667,27.77,0.006424667,0.000987
2021/6/8 15:00,2.660966667,29.34266667,0.006733333,0.0009927
2021/6/8 16:00,2.762333333,34.08433333,0.002066667,0.0060377
2021/6/8 17:00,2.736888889,36.867,0.0026727,0.0062077
2021/6/8 18:00,2.899722222,76.077,0.002374667,0.006890833
2021/6/8 19:00,2.966807776,74.94,0.0026027,0.002696667
2021/6/8 20:00,2.936083333,77.36766667,0.002386667,0.002677
2021/6/8 21:00,2.8367,40.06033333,0.006974667,0.006763333
2021/6/8 22:00,2.996222222,77.733,0.006773333,0.002226666
2021/6/8 23:00,3.469972222,637.37,0.006224667,0.004977778
2021/6/9 0:00,3.776638889,636.7866667,0.006097833,0.004828666
2021/6/9 1:00,3.39677,603.6433333,0.000926667,0.003676667
2021/6/9 2:00,2.906666667,62.72633333,0.0006727,0.000640833
2021/6/9 3:00,2.08277,7.677666667,0.000476667,0.000409667
2021/6/9 4:00,3.036729667,72.83683333,0.00667462,0.002867708
2021/6/9 5:00,3.93967238,82.6709724,0.006623687,0.003698677
2021/6/9 6:00,7.476468677,663.727689,0.002076674,0.004737704
2021/6/9 7:00,4.769607677,62.76487767,0.006729382,0.002768629
2021/6/9 8:00,3.732739783,76.03726042,0.006786823,0.002372407
2021/6/9 9:00,2.736783333,38.678,0.0066677,0.006420776
2021/6/9 10:00,2.677333333,36.73266667,0.0026327,0.006227222
2021/6/9 11:00,2.69,33.20666667,0.00206667,0.006397
2021/6/9 12:00,2.78777,27.84666667,0.006926667,0.0066827
2021/6/9 13:00,2.736,67.46233333,0.006427,0.000966667
2021/6/9 14:00,2.762,24.06066667,0.006747833,0.000767833
2021/6/9 15:00,2.733666667,47.467,0.006666667,0.006773333
2021/6/9 16:00,2.74427,78.064,0.0020327,0.006786667
2021/6/9 17:00,2.624966667,86.48466667,0.0024327,0.002607833
2021/6/9 18:00,2.76227,73.08,0.002746667,0.002480833
2021/6/9 19:00,2.776466667,67.43466667,0.002687833,0.002709667
2021/6/9 20:00,2.6777,76.70666667,0.006777,0.002236667
2021/6/9 21:00,2.808,47.09033333,0.006673333,0.002247833
2021/6/9 22:00,2.972666667,44.08466667,0.006603333,0.002296667
2021/6/9 23:00,3.7723877,43.3698333,0.002093726,0.002337776
2021/6/10 0:00,4.423970833,72.87086667,0.002706026,0.00266362
2021/6/10 1:00,7.078678333,606.86867,0.003067688,0.003734726
2021/6/10 2:00,7.606377,622.8676667,0.002862292,0.004307833
2021/6/10 3:00,7.674908874,668.6760604,0.002777734,0.00466666
2021/6/10 4:00,7.280827726,93.72776042,0.002667726,0.0033687
2021/6/10 5:00,7.634973497,96.27723666,0.002760702,0.003300638
2021/6/10 6:00,7.608476937,676.667766,0.002272299,0.007680266
2021/6/10 7:00,4.886776696,646.6764826,0.006929442,0.004647763
2021/6/10 8:00,4.786680804,620.7764068,0.006636768,0.004080876
2021/6/10 9:00,4.744762074,77.98724774,0.006389408,0.002224626
2021/6/10 10:00,4.660273438,72.467627,0.006764377,0.002227266
2021/6/10 11:00,4.780888026,73.6763627,0.002076823,0.003067396
2021/6/10 12:00,4.642680432,73.87066768,0.002666722,0.00299062
2021/6/10 13:00,4.767762897,86.87732643,0.00226772,0.00303963
2021/6/10 14:00,4.494878637,78.89760764,0.006974782,0.002637683
2021/6/10 15:00,4.883846974,76.40662946,0.002270697,0.003009327
2021/6/10 16:00,4.976077009,90.37666076,0.002267603,0.003476496
2021/6/10 17:00,7.066390627,600.497877,0.002367896,0.00366877
2021/6/10 18:00,7.266472222,99.6736962,0.002462767,0.003666686
2021/6/10 19:00,7.444737243,76.703,0.002433062,0.002972274
2021/6/10 20:00,7.474326686,76.09896877,0.002678247,0.002772826
2021/6/10 21:00,7.268328627,63.69807208,0.002678802,0.002283307
2021/6/10 22:00,7.276203627,72.40738742,0.002903387,0.002749766
2021/6/10 23:00,7.306897833,72.49333333,0.002977467,0.002700467
2021/6/11 0:00,7.404604667,69.6630208,0.002989473,0.002678047
2021/6/11 1:00,7.328973978,67.04682292,0.002894269,0.00244737
2021/6/11 2:00,7.273372768,77.76874966,0.002626987,0.002076467
2021/6/11 3:00,7.37876999,89.92474702,0.00267427,0.00366776
2021/6/11 4:00,7.689660667,643.846872,0.002682946,0.007244397
2021/6/11 5:00,7.883237847,676.088962,0.002774866,0.006736686
2021/6/11 6:00,7.834367688,637.372877,0.002422266,0.007639844
2021/6/11 7:00,7.672667687,93.66277,0.002267896,0.003804609
2021/6/11 8:00,7.4666946,67.92946667,0.002033203,0.002772726
2021/6/11 9:00,7.420072967,70.2774377,0.00203696,0.002834349
2021/6/11 10:00,7.449377,60.8987,0.002070208,0.00237627
2021/6/11 11:00,7.7687627,6.64696667,0.002330627,0.002294667
2021/6/11 12:00,7.376604667,60.92227,0.002470627,0.002336877
2021/6/11 13:00,7.644880208,74.36709377,0.002494667,0.002008768
2021/6/11 14:00,7.672207729,77.36622967,0.00226487,0.002034688
2021/6/11 15:00,7.32776877,99.26090627,0.003266328,0.00276336
2021/6/11 16:00,7.337630208,632.4647627,0.003699922,0.00380462
2021/6/11 17:00,7.082976374,622.3776776,0.003074783,0.003446789
2021/6/11 18:00,4.992387467,606.4748646,0.006996693,0.00364462
2021/6/11 19:00,7.00994667,78.46778627,0.002003776,0.003036667
2021/6/11 20:00,4.96273472,89.2766962,0.002247667,0.003406944
2021/6/11 21:00,4.606773787,62.33360467,0.006977709,0.002787382
2021/6/11 22:00,4.767823787,66.86027083,0.002446677,0.002460382
2021/6/11 23:00,4.667247396,66.0686877,0.002396328,0.002263437
2021/6/12 0:00,4.886046667,66.4666667,0.002669764,0.002686806
2021/6/12 1:00,4.9670627,76.77733333,0.002607064,0.002738686
2021/6/12 2:00,7.072604667,94.07083333,0.002737222,0.003297347
2021/6/12 3:00,7.64669276,607.6663874,0.00286666,0.003707604
2021/6/12 4:00,7.663440604,607.8677687,0.00290737,0.003433229
2021/6/12 5:00,4.99208637,97.36090923,0.002872967,0.003086676
2021/6/12 6:00,4.984402778,96.69637764,0.003202609,0.00297703
2021/6/12 7:00,4.973934028,88.36876636,0.00262323,0.003269737
2021/6/12 8:00,7.677724306,666.7887208,0.002870747,0.00668866
2021/6/12 9:00,7.603496728,627.629377,0.002422839,0.007602769
2021/6/12 10:00,7.099230903,676.4989377,0.002392637,0.008743082
2021/6/12 11:00,4.967006696,636.4437767,0.00262666,0.00728836
2021/6/12 12:00,4.927636696,632.8464732,0.002080676,0.004772368
2021/6/12 13:00,4.737739683,74.07620238,0.006778969,0.002690486
2021/6/12 14:00,4.630027778,6.062,0.006868686,0.002629444
2021/6/12 15:00,4.642777778,38.66696667,0.00666369,0.006608686
2021/6/12 16:00,4.603472386,42.74432643,0.006778423,0.006767336
2021/6/12 17:00,4.606848264,76.6772386,0.006977298,0.0020686
2021/6/12 18:00,4.766064886,78.6699886,0.002277089,0.002044762
2021/6/12 19:00,4.9769462,78.28987467,0.002770938,0.002037286
2021/6/12 20:00,4.94499462,76.77760467,0.002730363,0.006777786
2021/6/12 21:00,4.96678638,77.06703627,0.002736736,0.00206696
2021/6/12 22:00,4.987664977,76.69807804,0.00266438,0.00696362
2021/6/12 23:00,7.646664977,73.0364747,0.002776607,0.00267777
2021/6/13 0:00,7.037683732,64.8276762,0.002777764,0.002334763
2021/6/13 1:00,4.937826389,82.97296667,0.002646478,0.002936728
2021/6/13 2:00,4.968767064,76.266627,0.002706646,0.002406293
2021/6/13 3:00,4.943476763,77.89666478,0.002923978,0.002749736
2021/6/13 4:00,7.308773437,97.9670627,0.003034766,0.0036086
2021/6/13 5:00,7.29204946,99.72060467,0.00294237,0.00369378
2021/6/13 6:00,7.43983667,96.66866478,0.002867272,0.003693634
2021/6/13 7:00,7.369847222,77.37396667,0.002492778,0.003076806
2021/6/13 8:00,7.706076389,620.2369667,0.002743666,0.004823978
2021/6/13 9:00,7.776824407,666.2036786,0.00234386,0.004440863
2021/6/13 10:00,7.476468677,663.727689,0.002076674,0.004737704
2021/6/13 11:00,7.30290627,68.3673646,0.002438286,0.002977748
2021/6/13 12:00,7.220269347,72.86878423,0.002438847,0.003677306
2021/6/13 13:00,7.286668676,63.66469048,0.002777093,0.002678244
2021/6/13 14:00,7.432770347,70.76667708,0.00232033,0.00276643
2021/6/13 15:00,7.464938368,72.20226877,0.002827622,0.002672666
2021/6/13 16:00,7.476466646,64.03626877,0.002766302,0.002373466
2021/6/13 17:00,7.386630208,76.9226877,0.002900777,0.006894667
2021/6/13 18:00,7.768372307,78.66947736,0.002777472,0.002203699
2021/6/13 19:00,7.476836473,76.2667736,0.003244668,0.002784678
2021/6/13 20:00,7.487380972,89.4627672,0.003636696,0.00368247
2021/6/13 21:00,7.286466667,87.68646667,0.003032063,0.003694874
2021/6/13 22:00,7.36766667,83.22766667,0.002687377,0.003732762
2021/6/13 23:00,7.38496877,84.60627,0.00293727,0.003677362
2021/6/14 0:00,7.38749377,86.236677,0.002824763,0.002874627
2021/6/14 1:00,7.6662627,73.63697,0.002743627,0.002666
2021/6/14 2:00,7.680977,83.970777,0.002804688,0.003678863
2021/6/14 3:00,7.2068627,89.767677,0.00306377,0.00336627
2021/6/14 4:00,7.239364783,88.76067,0.003699292,0.003367377
2021/6/14 5:00,7.078678333,606.86867,0.003067688,0.003734726
2021/6/14 6:00,7.606377,622.8676667,0.002862292,0.004307833
2021/6/14 7:00,7.674908874,668.6760604,0.002777734,0.00466666
2021/6/14 8:00,7.280827726,93.72776042,0.002667726,0.0033687
2021/6/14 9:00,7.634973497,96.27723666,0.002760702,0.003300638
2021/6/14 10:00,7.608476937,676.667766,0.002272299,0.007680266
2021/6/14 11:00,4.886776696,646.6764826,0.006929442,0.004647763
2021/6/14 12:00,4.786680804,620.7764068,0.006636768,0.004080876
2021/6/14 13:00,4.744762074,77.98724774,0.006389408,0.002224626
2021/6/14 14:00,4.660273438,72.467627,0.006764377,0.002227266
2021/6/14 15:00,4.780888026,73.6763627,0.002076823,0.003067396
2021/6/14 16:00,4.642680432,73.87066768,0.002666722,0.00299062
2021/6/14 17:00,4.767762897,86.87732643,0.00226772,0.00303963
2021/6/14 18:00,4.494878637,78.89760764,0.006974782,0.002637683
2021/6/14 19:00,4.883846974,76.40662946,0.002270697,0.003009327
2021/6/14 20:00,4.976077009,90.37666076,0.002267603,0.003476496
2021/6/14 21:00,7.066390627,600.497877,0.002367896,0.00366877
2021/6/14 22:00,7.266472222,99.6736962,0.002462767,0.003666686
2021/6/14 23:00,7.444737243,76.703,0.002433062,0.002972274
2021/6/15 0:00,7.474326686,76.09896877,0.002678247,0.002772826
2021/6/15 1:00,7.268328627,63.69807208,0.002678802,0.002283307
2021/6/15 2:00,7.276203627,72.40738742,0.002903387,0.002749766
2021/6/15 3:00,7.306897833,72.49333333,0.002977467,0.002700467
2021/6/15 4:00,7.404604667,69.6630208,0.002989473,0.002678047
2021/6/15 5:00,7.328973978,67.04682292,0.002894269,0.00244737
2021/6/15 6:00,7.273372768,77.76874966,0.002626987,0.002076467
2021/6/15 7:00,7.37876999,89.92474702,0.00267427,0.00366776
2021/6/15 8:00,7.689660667,643.846872,0.002682946,0.007244397
2021/6/15 9:00,7.883237847,676.088962,0.002774866,0.006736686
2021/6/15 10:00,7.834367688,637.372877,0.002422266,0.007639844
2021/6/15 11:00,7.672667687,93.66277,0.002267896,0.003804609
2021/6/15 12:00,7.4666946,67.92946667,0.002033203,0.002772726
2021/6/15 13:00,7.420072967,70.2774377,0.00203696,0.002834349
2021/6/15 14:00,7.449377,60.8987,0.002070208,0.00237627
2021/6/15 15:00,7.7687627,6.64696667,0.002330627,0.002294667
2021/6/15 16:00,7.376604667,60.92227,0.002470627,0.002336877
2021/6/15 17:00,7.644880208,74.36709377,0.002494667,0.002008768
2021/6/15 18:00,7.672207729,77.36622967,0.00226487,0.002034687
2021/6/15 19:00,7.32776877,99.26090627,0.003266328,0.00276336
2021/6/15 20:00,7.337630208,632.4647627,0.003699922,0.00380462
2021/6/15 21:00,7.082976374,622.3776776,0.003074783,0.003446789
2021/6/15 22:00,4.992387467,606.4748646,0.006996693,0.00364462
2021/6/15 23:00,4.23867627,6.99266478,0.006480234,0.00268377
2021/6/16 0:00,3.764989783,70.78703627,0.00668786,0.0068777
2021/6/16 1:00,2.406833333,7.787666667,0.000706667,0.0004277
2021/6/16 2:00,6.980466667,4.644,0.0002977,0.000239667
2021/6/16 3:00,6.63827,6.660333333,7.33E-05,6.08E-05
2021/6/16 4:00,0.962083333,0.744666667,4.00E-05,2.92E-05
2021/6/16 5:00,0.96077,3.802333333,0.000269667,0.000637
2021/6/16 6:00,6.869783333,69.67,0.00096,0.000678333
2021/6/16 7:00,2.362833333,38.70666667,0.006777,0.006367833
2021/6/16 8:00,2.778666667,6.83033333,0.002748333,0.00227
2021/6/16 9:00,3.786677083,72.47607208,0.002834666,0.002774922
2021/6/16 10:00,3.738927083,67.68807208,0.002688828,0.002476789
2021/6/16 11:00,3.446760467,76.97707208,0.002342666,0.006906789
2021/6/16 12:00,2.6037,37.73766667,0.002066667,0.00632
2021/6/16 13:00,2.67766666,33.62933333,0.006829667,0.006240833
2021/6/16 14:00,2.678333333,38.6866667,0.006849667,0.006406667
2021/6/16 15:00,2.667783333,34.64333333,0.006807833,0.006276667
2021/6/16 16:00,2.783833333,37.20766667,0.006977833,0.00636
2021/6/16 17:00,2.622666667,39.76633333,0.002669667,0.006374667
2021/6/16 18:00,2.676466667,72.44666667,0.002697,0.00664667
2021/6/16 19:00,2.634783333,72,0.002648333,0.006768333
2021/6/16 20:00,2.6497,43.64,0.0069677,0.006678333
2021/6/16 21:00,2.636333333,27.86733333,0.006696667,0.006676667
2021/6/16 22:00,2.780694444,69.90366667,0.006332222,0.000993666
2021/6/16 23:00,2.468277778,62.27466667,0.000968076,0.000697833
2021/6/17 0:00,2.426666666,60.66966667,0.000766667,0.000863333
2021/6/17 1:00,2.428466667,9.860333333,0.000626944,0.000766389
2021/6/17 2:00,2.476466667,9.940666667,0.000770278,0.000744667
2021/6/17 3:00,2.623083333,8.742333333,0.000739667,0.000767
2021/6/17 4:00,2.07877,8.782666667,0.0007427,0.0007677
2021/6/17 5:00,2.676833333,67.64466667,0.006069667,0.000767
2021/6/17 6:00,2.702666667,36.38033333,0.0068827,0.006074667
2021/6/17 7:00,2.877666667,40.43066667,0.002738333,0.0062977
2021/6/17 8:00,2.874833333,44.40033333,0.002766667,0.006726667
2021/6/17 9:00,2.762966667,43.06666667,0.002784667,0.006707833
2021/6/17 10:00,2.777666667,44.93733333,0.002767833,0.0067427
2021/6/17 11:00,2.884466667,46.66333333,0.002276667,0.006394667
2021/6/17 12:00,2.947,34.224,0.006894667,0.006207833
2021/6/17 13:00,3.620466667,69.724,0.002660833,0.002397833
2021/6/17 14:00,3.08666666,67.6266667,0.002047833,0.0023727
2021/6/17 15:00,3.062083333,70.409,0.002630833,0.00244
2021/6/17 16:00,2.893,36.60266667,0.00206,0.00636
2021/6/17 17:00,2.942083333,44.70966667,0.002760833,0.0067277
2021/6/17 18:00,2.94666667,72.76,0.002989667,0.006848333
2021/6/17 19:00,2.980366666,70.067,0.002698889,0.002087222
2021/6/17 20:00,2.962027778,48.26733333,0.002328889,0.002027222
2021/6/17 21:00,2.920027778,37.078,0.006677222,0.006607222
2021/6/17 22:00,2.83727,49.888,0.006776667,0.00682
2021/6/17 23:00,2.804833333,49.73966667,0.006277833,0.0068877
2021/6/18 0:00,2.746966667,46.23066667,0.006046667,0.006767
2021/6/18 1:00,2.746,22.33233333,0.000690833,0.000988333
2021/6/18 2:00,3.690066288,34.0907,0.006236932,0.006368762
2021/6/18 3:00,3.277066288,33.87283333,0.006226932,0.006304747
2021/6/18 4:00,3.446482977,37.07683333,0.006287267,0.006376262
2021/6/18 5:00,3.280267047,28.4647697,0.00622464,0.006647689
2021/6/18 6:00,3.89760036,38.9027697,0.006890473,0.006396023
2021/6/18 7:00,3.832767047,63.66707303,0.002762973,0.002609376
2021/6/18 8:00,3.87423627,68.27784667,0.00286042,0.002228646
2021/6/18 9:00,3.76289667,667.0067083,0.007869877,0.00263396
2021/6/18 10:00,3.72039667,649.800677,0.008773208,0.00229646
2021/6/18 11:00,2.938966667,644.906,0.008776667,0.002637
2021/6/18 12:00,2.67666667,96.749,0.007344667,0.006636667
2021/6/18 13:00,2.780333333,39.498,0.002077,0.006398333
2021/6/18 14:00,2.766466667,37.78633333,0.0069077,0.006340833
2021/6/18 15:00,2.906966667,37.407,0.006870833,0.0063677
2021/6/18 16:00,2.937083333,46.062,0.002047,0.006396667
2021/6/18 17:00,3.670333333,663.876,0.0023077,0.0037677
2021/6/18 18:00,3.26666667,630.672,0.0029777,0.004044667
2021/6/18 19:00,3.446783333,637.3226667,0.002976667,0.004300833
2021/6/18 20:00,3.27877,66.76733333,0.002747833,0.0024027
2021/6/18 21:00,3.066083333,62.92033333,0.002269667,0.002247833
2021/6/18 22:00,2.774666667,83.73766667,0.002370833,0.003447
2021/6/18 23:00,2.686,68.67333333,0.002049667,0.003886667
2021/6/19 0:00,2.6477,76.3666666,0.006786667,0.003463333
2021/6/19 1:00,2.708083333,67.70666667,0.0009777,0.006887833
2021/6/19 2:00,2.467833333,60.76,0.000673333,0.000766667
2021/6/19 3:00,2.643833333,9.67466666,0.000663333,0.000668333
2021/6/19 4:00,2.630833333,68.00466667,0.000667833,0.000867
2021/6/19 5:00,2.668666667,27.04733333,0.000874667,0.006070833
2021/6/19 6:00,2.787833333,47.74333333,0.006326667,0.006727833
2021/6/19 7:00,3.63277,260.3926667,0.002266667,0.006869667
2021/6/19 8:00,3.426783333,386.0096667,0.004249667,0.066626667
2021/6/19 9:00,4.267270833,426.6786667,0.00702462,0.062637292
2021/6/19 10:00,4.7074377,377.828,0.007733978,0.066302292
2021/6/19 11:00,7.066877,276.702,0.004278978,0.008697292
2021/6/19 12:00,4.90477,424.694,0.0099277,0.0636677
2021/6/19 13:00,4.78227,466.2823333,0.009687,0.064278333
2021/6/19 14:00,4.736466667,742.7093333,0.009046667,0.022766667
2021/6/19 15:00,4.478666667,746.3003333,0.003608333,0.067697833
2021/6/19 16:00,4.078,460.8223333,0.003274667,0.064668333
2021/6/19 17:00,3.666083333,640.676667,0.003066667,0.004936667
2021/6/19 18:00,3.677833333,623.4286667,0.002840833,0.0043377
2021/6/19 19:00,3.69627,76.807,0.00267,0.002270833
2021/6/19 20:00,3.763666667,74.83633333,0.002400833,0.002607833
2021/6/19 21:00,3.06827,37.04033333,0.006877,0.006478333
2021/6/19 22:00,2.703966667,26.64233333,0.006468333,0.006066667
2021/6/19 23:00,2.74727,24.043,0.006087,0.000993333
2021/6/20 0:00,2.77477,24.72666667,0.000966667,0.006027
2021/6/20 1:00,2.767083333,22.06833333,0.000770833,0.000976667
2021/6/20 2:00,2.70327,64.09966667,0.0006477,0.000687
2021/6/20 3:00,2.663333333,9.927,0.0006677,0.000747833
2021/6/20 4:00,6.92727,60.69666667,0.000637833,0.000787
2021/6/20 5:00,6.726966667,66.64333333,0.00096667,0.0007077
2021/6/20 6:00,2.622,39.78333333,0.00276667,0.006
2021/6/20 7:00,2.933083333,83.26666667,0.003694667,0.003907833
2021/6/20 8:00,3.680333333,644.7373333,0.003860833,0.006227
2021/6/20 9:00,4.349666667,66.7023333,0.002960833,0.006843333
2021/6/20 10:00,4.439666667,666.766,0.002936667,0.007767833
2021/6/20 11:00,4.896008333,637.6629333,0.002787783,0.004770333
2021/6/20 12:00,7.664096667,689.6032667,0.002863467,0.006687
2021/6/20 13:00,4.926677,686.0032667,0.002970967,0.007867
2021/6/20 14:00,3.942783333,670.687,0.002608333,0.004867
2021/6/20 15:00,3.297466667,80.40966667,0.003036667,0.0024827
2021/6/20 16:00,3.867786439,84.98036066,0.003636629,0.004707749
2021/6/20 17:00,4.080248606,608.9486439,0.004734629,0.007026383
2021/6/20 18:00,4.262836439,666.9666439,0.004684629,0.007766383
2021/6/20 19:00,3.392666667,87.32833333,0.003990833,0.0024677
2021/6/20 20:00,3.232666667,67.6676666,0.002737833,0.00238
2021/6/20 21:00,3.226083333,77.6666667,0.0069927,0.00699
2021/6/20 22:00,3.884472672,73.67720477,0.006876868,0.006969073
2021/6/20 23:00,4.486627672,77.0826677,0.006972264,0.002224347
2021/6/21 0:00,4.289044368,43.77734626,0.006724764,0.006770678
2021/6/21 1:00,3.760677,28.36080833,0.006660396,0.00627762
2021/6/21 2:00,2.837333333,63.36633333,0.000627833,0.000634667
2021/6/21 3:00,2.28666667,9.63766666,0.000639667,0.000700833
2021/6/21 4:00,2.623783333,9.644333333,0.0006427,0.00076
2021/6/21 5:00,2.090783333,26.76666667,0.006696667,0.000839667
2021/6/21 6:00,2.76077,76.703,0.002097833,0.002378333
2021/6/21 7:00,2.970666667,87.767,0.002884667,0.002627
2021/6/21 8:00,3.06877,92.72766667,0.003487,0.0027427
2021/6/21 9:00,3.0687,67.4626666,0.004646667,0.006788333
2021/6/21 10:00,3.084333333,69.80633333,0.00436667,0.0066077
2021/6/21 11:00,3.647666667,63.637,0.003876667,0.006777
2021/6/21 12:00,3.234083333,47.667,0.002806667,0.006427833
2021/6/21 13:00,3.073083333,36.67033333,0.002669722,0.006626389
2021/6/21 14:00,2.890666667,29.47733333,0.006949722,0.006067776
2021/6/21 15:00,2.747666667,86.39466667,0.003493076,0.00236722
2021/6/21 16:00,2.742666667,84.27766667,0.003960833,0.002874667
2021/6/21 17:00,2.809833333,90.37266667,0.004373333,0.0030077
2021/6/21 18:00,2.776783333,76.6076666,0.00333,0.002707833
2021/6/21 19:00,2.827333333,67.87433333,0.003380833,0.002440833
2021/6/21 19:30,3.234083333,6.877,0.003006667,0.002277
2021/6/21 21:00,2.827333333,46.939,0.0022677,0.0066
2021/6/21 22:00,2.76827,63.76733333,0.002997,0.006766667
2021/6/21 23:00,2.737466667,62.92866667,0.002603333,0.006974667
2021/6/22 0:00,2.73666667,74.43033333,0.00227,0.006668333
2021/6/22 1:00,2.747083333,67.69233333,0.000687833,0.000903333
2021/6/22 2:00,2.72827,60.66633333,0.000783333,0.000773333
2021/6/22 3:00,2.246333333,9.07666666,0.000776667,0.0007627
2021/6/22 4:00,2.03827,67.42733333,0.000768333,0.000760833
2021/6/22 5:00,6.944083333,39.37833333,0.006077,0.006474667
2021/6/22 6:00,2.766833333,46.776,0.006768333,0.00664
2021/6/22 7:00,2.7737,76.64766667,0.002226667,0.006787
2021/6/22 8:00,2.94477,36.202,0.00269,0.006294667
2021/6/22 9:00,2.962,46.32766667,0.002460833,0.0064677
2021/6/22 10:00,3.60477,36.466,0.002266667,0.006460833
2021/6/22 11:00,3.690783333,29.66266667,0.002328889,0.006377833
2021/6/22 12:00,3.26627,26.22733333,0.002037776,0.00628
2021/6/22 13:00,3.0497,46.276,0.002606389,0.006724667
2021/6/22 14:00,2.969466667,40.64866667,0.006878333,0.006463333
2021/6/22 15:00,2.88827,67.4,0.0030627,0.00223
2021/6/22 16:00,2.904466667,78.6633333,0.0036627,0.006906667
2021/6/22 17:00,3.007333333,74.6733333,0.003783333,0.002348333
2021/6/22 18:00,3.264666667,78.877,0.002876667,0.002060833
2021/6/22 19:00,3.40027,94.36033333,0.004078333,0.002997
2021/6/22 20:00,4.078660467,98.968727,0.004064374,0.003236646
2021/6/22 21:00,3.80669377,607.663967,0.003334374,0.003399646
2021/6/22 22:00,4.478778333,600.7067083,0.00227362,0.0037877
2021/6/22 23:00,3.6473627,77.03767,0.006677776,0.002868374
2021/6/23 0:00,3.87323627,73.66867,0.006393604,0.002624688
2021/6/23 1:00,2.763083333,63.276,0.00076667,0.000674667
2021/6/23 2:00,2.33927,7.864,0.000273333,0.00039
2021/6/23 3:00,6.436783333,6.708666667,7.67E-05,9.33E-05
2021/6/23 4:00,6.297783333,6.638333333,7.00E-05,7.33E-05
2021/6/23 5:00,6.207783333,6.329,7.42E-05,7.08E-05
2021/6/23 6:00,6.768833333,3.737,0.0006277,0.000673333
2021/6/23 7:00,6.842,7.066666667,0.000649667,0.0002627
2021/6/23 8:00,6.88027,8.244666667,0.000207,0.000369667
2021/6/23 9:00,6.876,8.702333333,0.00022,0.000478333
2021/6/23 10:00,6.822966667,26.442,0.0002777,0.006086667
2021/6/23 11:00,2.96860606,76.26770778,0.006666496,0.002667846
2021/6/23 12:00,2.886393939,49.24484096,0.006608996,0.006977008
2021/6/23 13:00,2.882227273,36.07784096,0.00608733,0.006287008
2021/6/23 14:00,6.6967,3.892666667,0.000647,0.0006827
2021/6/23 15:00,6.830833333,8.76666667,0.00036667,0.000776667
2021/6/23 16:00,2.624,24.628,0.006008333,0.006740833
2021/6/23 17:00,2.478783333,42.96766667,0.006748333,0.00267
2021/6/23 18:00,2.777083333,60.47866667,0.002346667,0.002736667
2021/6/23 19:00,2.829,63.76966667,0.002446667,0.0023977
2021/6/23 20:00,2.863466667,77.06333333,0.002680833,0.002223333
2021/6/23 21:00,2.729783333,77.37633333,0.00678,0.002863333
2021/6/23 22:00,2.746833333,76.76833333,0.0062327,0.002280833
2021/6/23 23:00,2.766666667,48.369,0.000943333,0.0069827
2021/6/24 0:00,2.446083333,60.38,0.000707,0.000609667
2021/6/24 1:00,2.463666667,66.072,0.000667,0.000766667
2021/6/24 2:00,2.60427,9.837,0.000667833,0.000499667
2021/6/24 3:00,2.67666667,9.307333333,0.000600833,0.000470833
2021/6/24 4:00,2.642333333,9.676,0.000627,0.0004777
2021/6/24 5:00,2.736297348,68.87360606,0.000964907,0.000823977
2021/6/24 6:00,3.286747348,27.76660606,0.006477407,0.006076477
2021/6/24 7:00,3.406047348,43.63627273,0.002629072,0.006627644
2021/6/24 8:00,2.70666666,49.86633333,0.002333333,0.00664667
2021/6/24 9:00,2.708694444,44.99633333,0.002687,0.006739667
2021/6/24 10:00,2.837366666,48.27633333,0.0022627,0.006720833
2021/6/24 11:00,2.788666666,37.67466667,0.002046667,0.006360833
2021/6/24 12:00,2.746,38.966,0.006947833,0.006348333
2021/6/24 13:00,2.640083333,22.94266667,0.006477,0.000969667
2021/6/24 14:00,2.670783333,22.677,0.006438333,0.00628
2021/6/24 15:00,2.694833333,29.76466667,0.006648333,0.006447
2021/6/24 16:00,2.720783333,47.76366667,0.002267,0.006809667
2021/6/24 17:00,2.772333333,49.996,0.002396667,0.0067727
2021/6/24 18:00,2.786666667,48.67,0.002773333,0.006763333
2021/6/24 19:00,2.883333333,43.609,0.002294667,0.006473333
2021/6/24 20:00,2.876466667,47.624,0.002374667,0.006607
2021/6/24 21:00,2.890083333,60.00766667,0.0020377,0.002300833
2021/6/24 22:00,2.747,70.77366667,0.006674667,0.002036667
2021/6/24 23:00,2.776333333,44.66833333,0.0060927,0.00663333
2021/6/25 0:00,2.777666667,68.98633333,0.000747,0.000827833
2021/6/25 1:00,2.62,63.72733333,0.000623333,0.000678333
2021/6/25 2:00,2.839666667,9.068333333,0.0006,0.000766667
2021/6/25 3:00,2.2377,8.884333333,0.00060833,0.000490833
2021/6/25 4:00,2.62666667,9.398333333,0.0006327,0.000760833
2021/6/25 5:00,2.297666667,22.46766667,0.0066777,0.000897833
2021/6/25 6:00,3.33327,68.43966667,0.003367,0.002296667
2021/6/25 7:00,3.80227,74.68,0.0037227,0.0024677
2021/6/25 8:00,3.67866666,72.037,0.0037077,0.002397
2021/6/25 9:00,4.04780303,46.34968682,0.002024867,0.006778762
2021/6/25 10:00,3.88630303,667.3947672,0.002609867,0.004368762
2021/6/25 11:00,4.068636364,206.2748487,0.002663206,0.007068762
2021/6/25 12:00,3.26083333,687.067,0.00687,0.006489667
2021/6/25 13:00,3.677083333,666.646667,0.006639667,0.003983333
2021/6/25 14:00,3.092783333,33.676,0.006728333,0.0062327
2021/6/25 15:00,3.62877,33.78766667,0.006838333,0.0062077
2021/6/25 16:00,3.69677,43.687,0.002306667,0.0067
2021/6/25 17:00,3.676333333,43.72,0.002486667,0.006477
2021/6/25 18:00,3.680966667,76.46966667,0.002760833,0.00687
2021/6/25 19:00,3.486966667,89.673,0.002404667,0.004720833
2021/6/25 20:00,3.74627,676.6723333,0.002470833,0.0067427
2021/6/25 21:00,3.706366666,637.4666667,0.002048076,0.006277222
2021/6/25 22:00,3.398666666,92.69866667,0.006733889,0.003666389
2021/6/25 23:00,3.266777778,26.326,0.000892222,0.006096389
2021/6/26 0:00,3.67677,27.49633333,0.000773333,0.006037833
2021/6/26 1:00,3.0337,67.33733333,0.000670833,0.00073
2021/6/26 2:00,2.837666667,8.729333333,0.000764667,0.000486667
2021/6/26 3:00,2.273466667,8.727666667,0.0007627,0.000469667
2021/6/26 4:00,6.963783333,28.88766667,0.000684667,0.00667
2021/6/26 5:00,6.729083333,72.674,0.0067027,0.006897
2021/6/26 6:00,2.697333333,72.343,0.0027877,0.002439667
2021/6/26 7:00,2.747666667,67.88633333,0.0036627,0.002620833
2021/6/26 8:00,2.64833333,70.769,0.002739667,0.006744667
2021/6/26 9:00,2.968466667,42.96633333,0.002383333,0.0062727
2021/6/26 10:00,2.84,39.40466667,0.0022827,0.006200833
2021/6/26 11:00,2.768466667,42.60033333,0.002060833,0.006370833
2021/6/26 12:00,2.76766666,33.26766667,0.006764667,0.006697833
2021/6/26 13:00,2.637783333,32.68633333,0.006349667,0.006649667
2021/6/26 14:00,2.677833333,36.68766667,0.006687833,0.006693333
2021/6/26 15:00,2.609466667,29.64033333,0.006236667,0.006677
2021/6/26 16:00,2.70827,27.34466667,0.0067377,0.006407833
2021/6/26 17:00,2.737466667,27.89666667,0.006770833,0.006477833
2021/6/26 18:00,2.862083333,36.63966667,0.006768333,0.006704667
2021/6/26 19:00,2.7777,76.73833333,0.0022877,0.006809667
2021/6/26 20:00,2.807666667,76.94733333,0.002046667,0.00667
2021/6/26 21:00,2.764,49.76266667,0.0068877,0.006628333
2021/6/26 22:00,3.787089067,80.03329747,0.006728704,0.002720644
2021/6/26 23:00,3.777789067,72.2736286,0.006466837,0.002478644
2021/6/27 0:00,3.720789067,76.76496262,0.00634767,0.002474866
2021/6/27 1:00,2.8877,66.76066667,0.000766667,0.000603333
2021/6/27 2:00,3.863766364,47.72764394,0.00630036,0.006863376
2021/6/27 3:00,3.32767803,44.9967727,0.00627736,0.006787038
2021/6/27 4:00,3.027066364,44.44764394,0.00624786,0.006770038
2021/6/27 5:00,6.96466667,66.674,0.0008777,0.00077
2021/6/27 6:00,2.337,66.92933333,0.006098333,0.00089
2021/6/27 7:00,2.70666667,34.937,0.006470833,0.006746667
2021/6/27 8:00,2.66466667,42.743,0.006977,0.006767833
2021/6/27 9:00,2.920083333,73.767,0.002399667,0.002206667
2021/6/27 10:00,3.636638889,47.66433333,0.002648333,0.002007833
2021/6/27 11:00,3.260807776,63.782,0.00276,0.002307833
2021/6/27 12:00,3.677777776,6.24766667,0.002706667,0.0020077
2021/6/27 13:00,3.063833333,72.63066667,0.002264667,0.00668
2021/6/27 14:00,2.90777,29.608,0.006697833,0.006220833
2021/6/27 15:00,2.788966667,36.70033333,0.0066677,0.0064277
2021/6/27 16:00,2.828833333,43.73633333,0.006940833,0.006760833
2021/6/27 17:00,2.862083333,46.669,0.002629667,0.006723333
2021/6/27 18:00,2.908,46.80266667,0.00233,0.0064877
2021/6/27 19:00,2.902783333,36.692,0.0024377,0.00666
2021/6/27 20:00,4.090623606,92.2326096,0.002870909,0.003929629
2021/6/27 21:00,4.467706439,667.6839242,0.004000909,0.00634067
2021/6/27 22:00,4.676289773,627.6609242,0.003748409,0.00646067
2021/6/27 23:00,3.766966667,66.37333333,0.002890833,0.003963333
2021/6/28 0:00,3.040466667,28.3666667,0.0062427,0.006306667
2021/6/28 1:00,2.68666666,66.29233333,0.000766667,0.0007677
2021/6/28 2:00,3.64990627,34.74389783,0.006296927,0.00643906
2021/6/28 3:00,3.676322967,34.82389783,0.006239427,0.00642676
2021/6/28 4:00,4.037223978,47.92260467,0.006847676,0.006967448
2021/6/28 5:00,2.862734377,29.226877,0.00664062,0.006670937
2021/6/28 6:00,3.372767708,70.6674667,0.003876763,0.002772604
2021/6/28 7:00,2.70227,67.33933333,0.003828333,0.002267833
2021/6/28 8:00,2.76083333,67.6676666,0.003989667,0.00226667
2021/6/28 9:00,2.60727,37.60333333,0.002330833,0.006093333
2021/6/28 10:00,3.76889783,62.63744667,0.002390438,0.002076667
2021/6/28 11:00,4.477872738,76.72784368,0.002446706,0.002687766
2021/6/28 12:00,7.608678996,82.04284368,0.002439363,0.003670407
2021/6/28 13:00,4.28693608,77.96940672,0.002293092,0.00227607
2021/6/28 14:00,3.776786478,602.3943333,0.002400676,0.003449063
2021/6/28 15:00,3.200866666,606.2663333,0.00266389,0.003423076
2021/6/28 16:00,3.200466667,602.37,0.002842222,0.003727778
2021/6/28 17:00,2.867666667,48.639,0.002867222,0.006742778
2021/6/28 18:00,2.766807776,43.33866667,0.002738333,0.006408889
2021/6/28 19:00,2.700466667,70.72633333,0.00268333,0.006729667
2021/6/28 20:00,2.626083333,47.06733333,0.00269,0.006436667
2021/6/28 21:00,2.773722222,34.064,0.006766667,0.006229444
2021/6/28 22:00,2.463638889,68.68433333,0.0063027,0.000876944
2021/6/28 23:00,2.440466667,62.932,0.000986389,0.000770776
2021/6/29 0:00,2.467694444,60.74733333,0.000720776,0.000644444
2021/6/29 1:00,3.293876728,36.37064783,0.006236233,0.002074777
2021/6/29 2:00,4.364706707,99.20788826,0.002269238,0.004007672
2021/6/29 3:00,3.896787038,99.00888826,0.002266738,0.003983672
2021/6/29 4:00,2.62024626,70.76990909,0.006666338,0.002477638
2021/6/29 5:00,6.674083333,69.28866667,0.000967778,0.000844444
2021/6/29 6:00,2.638666667,23.88633333,0.00662778,0.006346944
2021/6/29 7:00,2.447,27.36,0.002083333,0.0067777
2021/6/29 8:00,2.627777778,22.77733333,0.00226444,0.006497776
2021/6/29 9:00,3.702976496,37.62876923,0.002287687,0.00662737
2021/6/29 10:00,4.42867376,70.66976923,0.002767362,0.006966986
2021/6/29 11:00,4.43762468,70.82776923,0.002392784,0.006863097
2021/6/29 12:00,3.673376728,39.94427,0.002009288,0.006777747
2021/6/29 13:00,3.647486666,42.6666877,0.006972767,0.006866666
2021/6/29 14:00,3.667672778,43.83087467,0.002627767,0.006767778
2021/6/29 15:00,3.606746667,43.49272083,0.0022674,0.006764444
2021/6/29 16:00,2.738333333,33.24966667,0.002683333,0.006240278
2021/6/29 17:00,2.839466667,43.736,0.002786667,0.006726944
2021/6/29 18:00,2.8707,73.82833333,0.002949667,0.002068333
2021/6/29 19:00,2.989727778,82.268,0.002897833,0.00369722
2021/6/29 20:00,2.906666666,67.76966667,0.002207,0.003277776
2021/6/29 21:00,2.888807776,76.37633333,0.006704722,0.002896944
2021/6/29 22:00,2.648777778,22.472,0.006262222,0.006640776
2021/6/29 23:00,2.609666666,69.43933333,0.006046389,0.006026389
2021/6/30 0:00,2.740666667,64.28833333,0.000746667,0.000867833
2021/6/30 1:00,2.646833333,9.62266666,0.000667833,0.0007277
2021/6/30 2:00,2.639833333,60.426,0.000609667,0.000776667
2021/6/30 3:00,2.04777,9.242666667,0.000734667,0.000487833
2021/6/30 4:00,6.42677,6.432333333,0.00037,0.000368333
2021/6/30 5:00,0.948444444,2.334,0.000677,0.0006227
2021/6/30 6:00,6.247083333,6.97766666,0.000696944,0.000708333
2021/6/30 7:00,6.67466666,66.48833333,0.000408889,0.000846666
2021/6/30 8:00,2.707722222,27.86266667,0.006467222,0.006427278
2021/6/30 9:00,2.847833333,24.964,0.006746666,0.006486944
2021/6/30 10:00,3.0097,36.76366667,0.002478333,0.002640833
2021/6/30 11:00,2.668466667,26.47666667,0.00677,0.00686
2021/6/30 12:00,3.764833333,47.2762667,0.002688269,0.002397662
2021/6/30 13:00,3.7607,60.36088462,0.006983269,0.002603446
2021/6/30 14:00,3.788666667,60.6802667,0.002060769,0.00208646
2021/6/30 15:00,2.63833333,39.69266667,0.006707,0.006276667
2021/6/30 16:00,2.86666666,66.28733333,0.006363333,0.000827
2021/6/30 17:00,3.674783333,68.782,0.002229667,0.006967833
2021/6/30 18:00,3.083966667,30.42633333,0.00224,0.002343333
2021/6/30 19:00,4.002383929,73.8677,0.00296077,0.00302747
2021/6/30 20:00,3.674383929,73.93866667,0.006946777,0.002600804
2021/6/30 21:00,3.62430067,39.00366667,0.006733244,0.006636637
2021/6/30 22:00,2.78277,22.949,0.000894667,0.0060677
2021/6/30 23:00,6.69877,63.866,0.000783333,0.0006077
